{"1.6875": 2.8125, "14.0625": 85.484375, "10.1875": 3125.03125, "8.1875": 3125.03125, "28.625": 1.0, "17.1875": 11.09375, "8.25": 3125.03125, "24.0625": 1.546875, "18.25": 9.25, "30.375": 1.0, "24.5": 1.5625, "5.6875": 3125.03125, "6.0": 3125.03125, "20.5625": 3.9375, "9.0": 3125.03125, "24.375": 2.34375, "9.0625": 3125.03125, "7.9375": 3125.03125, "11.375": 2975.59375, "20.125": 4.59375, "19.8125": 3.84375, "7.5": 3125.03125, "3.4375": 3125.03125, "7.75": 3125.03125, "26.9375": 1.09375, "21.3125": 3.484375, "15.4375": 72.3125, "30.5": 1.0, "18.1875": 37.96875, "3.75": 3125.03125, "1.875": 10.5625, "28.5625": 1.0, "10.875": 1193.40625, "2.9375": 3125.03125, "19.25": 3.65625, "25.5": 1.0, "17.75": 21.671875, "25.8125": 1.1875, "27.5625": 1.171875, "12.875": 357.34375, "6.5625": 3125.03125, "23.875": 1.28125, "28.3125": 1.0, "13.8125": 224.484375, "7.8125": 3125.03125, "29.8125": 1.09375, "30.875": 1.0, "9.375": 3125.03125, "7.625": 3125.03125, "29.125": 1.0, "27.0": 1.3125, "7.125": 3125.03125, "4.6875": 3125.03125, "2.625": 653.3125, "10.75": 3125.03125, "13.4375": 81.921875, "13.0": 107.8125, "29.5625": 1.1875, "30.4375": 1.0, "12.6875": 350.84375, "11.5": 351.21875, "29.5": 1.0, "13.5625": 84.578125, "5.75": 3125.03125, "18.875": 5.96875, "29.0": 1.0, "19.6875": 2.59375, "6.375": 3125.03125, "20.875": 4.609375, "5.5625": 3125.03125, "20.6875": 2.453125, "14.75": 98.671875, "16.25": 17.375, "4.0": 3125.03125, "17.4375": 20.3125, "17.0625": 12.765625, "1.8125": 6.90625, "14.25": 161.328125, "0.9375": 0.46875, "4.25": 3125.03125, "17.375": 9.359375, "26.1875": 1.09375, "5.25": 3125.03125, "29.9375": 1.0, "21.1875": 6.359375, "9.8125": 3125.03125, "9.625": 3125.03125, "12.625": 1122.34375, "17.125": 5.8125, "21.75": 2.140625, "18.625": 8.078125, "10.3125": 3125.03125, "7.5625": 3125.03125, "16.625": 19.125, "3.25": 3125.03125, "20.8125": 2.3125, "29.25": 1.0, "10.25": 2768.484375, "30.3125": 1.0, "5.5": 3125.03125, "28.6875": 1.0, "9.6875": 3125.03125, "7.4375": 3125.03125, "22.6875": 2.40625, "17.0": 5.9375, "21.0625": 3.28125, "25.375": 1.21875, "12.125": 429.1875, "23.6875": 1.5625, "14.125": 120.46875, "10.125": 3125.03125, "24.25": 1.28125, "19.5": 16.921875, "31.0": 1.0, "20.4375": 4.46875, "8.4375": 3125.03125, "11.8125": 386.5625, "23.3125": 2.09375, "30.75": 1.0, "2.375": 131.34375, "25.3125": 1.375, "28.9375": 1.0, "18.8125": 4.828125, "19.625": 7.203125, "26.75": 1.1875, "20.1875": 2.46875, "25.625": 1.21875, "4.75": 3125.03125, "24.1875": 1.46875, "18.5625": 4.9375, "30.6875": 1.0, "11.3125": 3125.03125, "8.9375": 3125.03125, "18.125": 10.78125, "1.5625": 2.15625, "21.8125": 2.28125, "30.25": 1.0, "11.0": 820.40625, "24.3125": 1.28125, "20.3125": 5.9375, "15.125": 140.78125, "15.375": 283.90625, "20.5": 5.71875, "12.9375": 22.5, "20.25": 2.84375, "22.0625": 1.578125, "22.625": 1.265625, "11.0625": 3000.578125, "16.9375": 10.71875, "26.5625": 1.078125, "28.875": 1.0, "23.625": 2.546875, "20.75": 4.0625, "13.25": 78.1875, "27.875": 1.0, "24.75": 1.5625, "10.6875": 2842.59375, "25.6875": 1.1875, "6.0625": 3125.03125, "3.5625": 3125.03125, "17.5625": 8.21875, "26.8125": 1.1875, "11.6875": 460.40625, "28.25": 1.1875, "26.3125": 1.3125, "11.25": 940.65625, "6.8125": 3125.03125, "2.0625": 31.1875, "18.9375": 6.15625, "4.3125": 3125.03125, "15.875": 14.5625, "22.8125": 1.40625, "13.6875": 76.6875, "5.4375": 3125.03125, "30.125": 1.0, "24.4375": 1.21875, "10.8125": 3125.03125, "9.3125": 3125.03125, "26.125": 1.1875, "26.375": 1.09375, "5.9375": 3125.03125, "13.5": 398.78125, "0.75": 0.34375, "24.125": 1.75, "15.9375": 39.53125, "19.4375": 3.140625, "4.125": 3125.03125, "1.0": 0.5625, "22.3125": 1.75, "26.0": 1.25, "26.0625": 1.34375, "3.875": 3125.03125, "12.75": 704.96875, "15.6875": 35.5625, "27.9375": 1.0, "15.3125": 23.25, "16.375": 15.203125, "5.375": 3125.03125, "1.5": 2.09375, "6.125": 3125.03125, "24.5625": 1.234375, "23.25": 1.96875, "10.375": 586.65625, "12.375": 435.984375, "0.25": 0.09375, "26.5": 1.234375, "9.1875": 3125.03125, "30.1875": 1.0, "4.0625": 3125.03125, "15.0": 139.625, "13.9375": 113.671875, "29.75": 1.0, "6.1875": 3125.03125, "12.1875": 253.859375, "25.0625": 1.3125, "27.25": 1.171875, "29.4375": 1.0, "2.6875": 1344.28125, "4.875": 3125.03125, "8.5625": 3125.03125, "25.75": 1.1875, "23.5625": 2.0, "8.875": 3125.03125, "9.875": 2558.96875, "12.3125": 345.875, "18.0": 6.625, "27.3125": 1.53125, "0.375": 0.15625, "21.9375": 1.515625, "19.375": 12.25, "4.8125": 3125.03125, "11.4375": 578.796875, "29.0625": 1.0, "1.3125": 1.0, "7.0": 3125.03125, "24.625": 1.40625, "16.8125": 16.078125, "5.0": 3125.03125, "13.3125": 233.875, "6.625": 3125.03125, "12.25": 195.59375, "11.75": 385.984375, "30.0625": 1.0, "25.125": 1.21875, "2.8125": 1996.84375, "17.625": 14.015625, "15.5625": 53.125, "24.6875": 1.53125, "14.375": 57.125, "23.1875": 1.65625, "1.75": 4.3125, "24.9375": 1.4375, "2.125": 29.15625, "22.375": 2.015625, "19.875": 2.828125, "28.4375": 1.0, "2.75": 1831.53125, "14.625": 44.78125, "8.375": 3125.03125, "0.0625": 0.09375, "20.375": 6.34375, "11.5625": 516.703125, "16.75": 13.5, "15.5": 27.140625, "3.5": 3125.03125, "2.875": 2665.59375, "2.1875": 51.0, "14.3125": 91.515625, "2.0": 17.09375, "25.25": 1.65625, "8.6875": 3125.03125, "1.125": 0.71875, "26.4375": 1.0, "3.9375": 3125.03125, "21.4375": 3.03125, "11.875": 328.0625, "22.875": 1.953125, "10.625": 3125.03125, "28.8125": 1.0, "0.8125": 0.3125, "28.5": 1.0, "22.5625": 1.5, "19.5625": 4.15625, "3.0625": 3125.03125, "5.1875": 3125.03125, "11.9375": 614.21875, "19.3125": 3.703125, "29.1875": 1.1875, "7.3125": 3125.03125, "23.0": 1.546875, "26.6875": 1.1875, "23.5": 1.5, "18.375": 7.4375, "27.0625": 1.1875, "14.5625": 145.78125, "15.0625": 16.828125, "10.0": 3125.03125, "16.125": 41.09375, "18.4375": 8.25, "7.6875": 3125.03125, "22.25": 1.90625, "25.875": 1.6875, "11.125": 1109.046875, "14.1875": 15.8125, "6.25": 3125.03125, "13.875": 250.390625, "13.375": 78.078125, "22.125": 2.234375, "29.625": 1.0, "25.5625": 1.65625, "9.5625": 3125.03125, "20.9375": 2.59375, "15.1875": 40.65625, "8.0": 3125.03125, "18.0625": 12.46875, "1.9375": 10.53125, "16.875": 43.0, "21.6875": 1.46875, "16.1875": 35.3125, "21.0": 3.8125, "25.0": 2.25, "12.5": 204.46875, "7.0625": 3125.03125, "23.9375": 1.78125, "3.625": 3125.03125, "11.625": 469.015625, "21.25": 4.109375, "8.125": 3125.03125, "12.4375": 497.1875, "14.5": 88.90625, "19.75": 3.03125, "18.5": 2.015625, "28.1875": 1.1875, "6.875": 3125.03125, "22.4375": 1.671875, "19.125": 8.890625, "16.5": 10.6875, "2.3125": 70.15625, "28.0625": 1.0, "22.9375": 1.0, "15.8125": 13.140625, "16.3125": 17.734375, "17.6875": 9.4375, "19.1875": 5.453125, "12.0625": 248.046875, "3.3125": 3125.03125, "5.3125": 3125.03125, "25.4375": 1.375, "1.375": 1.75, "15.25": 22.578125, "27.6875": 1.0, "3.0": 3125.03125, "28.375": 1.0, "4.625": 3125.03125, "17.8125": 27.90625, "3.8125": 3125.03125, "6.5": 3125.03125, "7.25": 3125.03125, "17.875": 9.40625, "9.4375": 3125.03125, "24.8125": 1.625, "19.9375": 2.5625, "6.3125": 3125.03125, "1.0625": 0.5625, "3.125": 3125.03125, "0.125": 0.09375, "26.625": 1.0, "12.8125": 388.28125, "4.5": 3125.03125, "22.5": 1.78125, "8.0625": 3125.03125, "23.75": 1.90625, "5.125": 3125.03125, "11.1875": 1005.765625, "29.3125": 1.0, "12.0": 207.859375, "23.8125": 1.578125, "29.6875": 1.0, "29.375": 1.0, "9.75": 3125.03125, "30.9375": 1.1875, "30.625": 1.0, "16.4375": 10.53125, "0.625": 0.21875, "20.0": 4.25, "22.75": 1.25, "13.0625": 264.390625, "27.375": 1.25, "30.0": 1.0, "14.8125": 57.078125, "2.5": 292.1875, "8.8125": 1665.15625, "18.3125": 16.46875, "4.1875": 3125.03125, "4.4375": 3125.03125, "26.25": 1.0, "10.4375": 3125.03125, "21.875": 3.4375, "1.1875": 0.90625, "30.5625": 1.0, "20.625": 2.796875, "27.125": 1.25, "6.6875": 3125.03125, "9.25": 3125.03125, "2.4375": 193.46875, "23.375": 1.234375, "10.5": 3125.03125, "27.5": 1.09375, "23.125": 1.5, "16.6875": 14.15625, "21.125": 2.40625, "3.6875": 3125.03125, "5.625": 3125.03125,