{"0.083333336": 0.09375, "0.16666667": 0.09375, "0.25": 0.15625, "0.33333334": 0.15625, "0.41666666": 0.15625, "0.5": 0.1875, "0.5833333": 0.21875, "0.6666667": 0.25, "0.75": 0.28125, "0.8333333": 0.34375, "0.9166667": 0.375, "1.0": 0.375, "1.0833334": 0.59375, "1.1666666": 0.59375, "1.25": 0.8125, "1.3333334": 0.875, "1.4166666": 1.34375, "1.5": 1.21875, "1.5833334": 1.53125, "1.6666666": 2.375, "1.75": 2.75, "1.8333334": 3.5625, "1.9166666": 4.65625, "2.0": 9.09375, "2.0833333": 11.65625, "2.1666667": 16.71875, "2.25": 20.65625, "2.3333333": 20.625, "2.4166667": 38.3125, "2.5": 68.03125, "2.5833333": 70.71875, "2.6666667": 119.5, "2.75": 209.53125, "2.8333333": 333.875, "2.9166667": 459.34375, "3.0": 668.03125, "3.0833333": 1159.125, "3.1666667": 1358.40625, "3.25": 1916.75, "3.3333333": 3125.03125, "3.4166667": 3125.03125, "3.5": 3125.03125, "3.5833333": 3125.03125, "3.6666667": 3125.03125, "3.75": 3125.03125, "3.8333333": 3125.03125, "3.9166667": 3125.03125, "4.0": 3125.03125, "4.0833335": 3125.03125, "4.1666665": 3125.03125, "4.25": 3125.03125, "4.3333335": 3125.03125, "4.4166665": 3125.03125, "4.5": 3125.03125, "4.5833335": 3125.03125, "4.6666665": 3125.03125, "4.75": 3125.03125, "4.8333335": 3125.03125, "4.9166665": 3125.03125, "5.0": 3125.03125, "5.0833335": 3125.03125, "5.1666665": 3125.03125, "5.25": 3125.03125, "5.3333335": 3125.03125, "5.4166665": 3125.03125, "5.5": 3125.03125, "5.5833335": 3125.03125, "5.6666665": 3125.03125, "5.75": 3125.03125, "5.8333335": 3125.03125, "5.9166665": 3125.03125, "6.0": 3125.03125, "6.0833335": 3125.03125, "6.1666665": 2295.9375, "6.25": 3125.03125, "6.3333335": 3125.03125, "6.4166665": 3125.03125, "6.5": 2477.640625, "6.5833335": 2392.203125, "6.6666665": 3125.03125, "6.75": 1880.6875, "6.8333335": 3076.296875, "6.9166665": 907.09375, "7.0": 375.203125, "7.0833335": 3125.03125, "7.1666665": 1877.53125, "7.25": 1080.375, "7.3333335": 1166.390625, "7.4166665": 3125.03125, "7.5": 497.28125, "7.5833335": 1808.203125, "7.6666665": 1576.828125, "7.75": 777.515625, "7.8333335": 3125.03125, "7.9166665": 745.9375, "8.0": 3125.03125, "8.083333": 383.03125, "8.166667": 183.78125, "8.25": 443.625, "8.333333": 535.765625, "8.416667": 965.375, "8.5": 556.3125, "8.583333": 359.546875, "8.666667": 502.25, "8.75": 384.3125, "8.833333": 203.375, "8.916667": 164.203125, "9.0": 331.46875, "9.083333": 376.375, "9.166667": 49.78125, "9.25": 62.546875, "9.333333": 91.28125, "9.416667": 636.390625, "9.5": 952.28125, "9.583333": 41.515625, "9.666667": 69.484375, "9.75": 231.28125, "9.833333": 158.3125, "9.916667": 141.71875, "10.0": 56.71875, "10.083333": 44.765625, "10.166667": 28.859375, "10.25": 73.5, "10.333333": 118.75, "10.416667": 57.6875, "10.5": 31.65625, "10.583333": 26.34375, "10.666667": 24.890625, "10.75": 76.09375, "10.833333": 23.390625, "10.916667": 17.5625, "11.0": 92.71875, "11.083333": 31.484375, "11.166667": 44.96875, "11.25": 9.1875, "11.333333": 38.109375, "11.416667": 48.375, "11.5": 22.5, "11.583333": 19.875, "11.666667": 18.84375, "11.75": 15.765625, "11.833333": 19.1875, "11.916667": 22.34375, "12.0": 694.515625, "12.083333": 12.375, "12.166667": 11.203125, "12.25": 23.59375, "12.333333": 4.84375, "12.416667": 29.71875, "12.5": 13.84375, "12.583333": 4.40625, "12.666667": 23.140625, "12.75": 5.625, "12.833333": 14.90625, "12.916667": 10.75, "13.0": 9.1875, "13.083333": 10.09375, "13.166667": 3.65625, "13.25": 2.6875, "13.333333": 5.15625, "13.416667": 3.71875, "13.5": 10.46875, "13.583333": 4.21875, "13.666667": 3.65625, "13.75": 13.46875, "13.833333": 4.375, "13.916667": 4.375, "14.0": 5.96875, "14.083333": 5.28125, "14.166667": 3.96875, "14.25": 3.53125, "14.333333": 4.234375, "14.416667": 7.0625, "14.5": 4.0, "14.583333": 2.1875, "14.666667": 4.84375, "14.75": 8.484375, "14.833333": 4.375, "14.916667": 1.5, "15.0": 8.015625, "15.083333": 4.84375, "15.166667": 2.46875, "15.25": 5.46875, "15.333333": 3.125, "15.416667": 1.65625, "15.5": 2.96875, "15.583333": 2.03125, "15.666667": 7.21875, "15.75": 2.53125, "15.833333": 2.46875, "15.916667": 3.265625, "16.0": 2.984375, "16.083334": 5.40625, "16.166666": 3.53125, "16.25": 2.40625, "16.333334": 2.5, "16.416666": 1.78125, "16.5": 1.4375, "16.583334": 1.9375, "16.666666": 1.6875, "16.75": 2.03125, "16.833334": 1.890625, "16.916666": 2.4375, "17.0": 1.6875, "17.083334": 1.65625, "17.166666": 2.0625, "17.25": 1.5, "17.333334": 1.46875, "17.416666": 2.125, "17.5": 1.75, "17.583334": 1.4375, "17.666666": 1.296875, "17.75": 1.484375, "17.833334": 2.03125, "17.916666": 1.09375, "18.0": 2.0, "18.083334": 0.9375, "18.166666": 1.15625, "18.25": 1.03125, "18.333334": 1.03125, "18.416666": 1.0, "18.5": 1.0625, "18.583334": 1.40625, "18.666666": 1.625, "18.75": 1.34375, "18.833334": 1.78125, "18.916666": 1.515625, "19.0": 1.28125, "19.083334": 1.3125, "19.166666": 0.84375, "19.25": 0.9375, "19.333334": 0.9375, "19.416666": 0.75, "19.5": 1.09375, "19.583334": 1.234375, "19.666666": 0.9375, "19.75": 0.75, "19.833334": 0.96875, "19.916666": 0.9375, "20.0": 0.9375, "20.083334": 0.75, "20.166666": 0.75, "20.25": 0.84375, "20.333334": 0.75, "20.416666": 0.96875, "20.5": 0.75, "20.583334": 0.9375, "20.666666": 0.75, "20.75": 1.03125, "20.833334": 0.96875, "20.916666": 0.96875, "21.0": 0.9375, "21.083334": 0.84375, "21.166666": 0.75, "21.25": 0.75, "21.333334": 0.9375, "21.416666": 0.75, "21.5": 0.96875, "21.583334": 0.75, "21.666666": 0.75, "21.75": 0.75, "21.833334": 0.9375, "21.916666": 0.84375, "22.0": 0.75, "22.083334": 0.9375, "22.166666": 0.75, "22.25": 0.75, "22.333334": 0.75, "22.416666": 0.75, "22.5": 0.84375, "22.583334": 0.75, "22.666666": 0.75, "22.75": 0.75, "22.833334": 0.75, "22.916666": 0.9375, "23.0": 0.75}