{"0.083333336": 0.09375, "0.16666667": 0.103125, "0.25": 0.140625, "0.33333334": 0.1375, "0.41666666": 0.16875, "0.5": 0.20625, "0.5833333": 0.240625, "0.6666667": 0.265625, "0.75": 0.3, "0.8333333": 0.35, "0.9166667": 0.45625, "1.0": 0.446875, "1.0833334": 0.609375, "1.1666666": 0.65625, "1.25": 0.796875, "1.3333334": 1.025, "1.4166666": 1.296875, "1.5": 1.390625, "1.5833334": 2.034375, "1.6666666": 2.9125, "1.75": 2.978125, "1.8333334": 4.228125, "1.9166666": 5.996875, "2.0": 10.775, "2.0833333": 13.009375, "2.1666667": 22.15625, "2.25": 22.721875, "2.3333333": 28.35625, "2.4166667": 43.159375, "2.5": 79.975, "2.5833333": 83.303125, "2.6666667": 135.440625, "2.75": 248.4375, "2.8333333": 328.078125, "2.9166667": 514.159375, "3.0": 780.903125, "3.0833333": 1062.84375, "3.1666667": 1410.515625, "3.25": 2084.340625, "3.3333333": 2714.953125, "3.4166667": 2938.18125, "3.5": 3081.89375, "3.5833333": 2958.45, "3.6666667": 3125.03125, "3.75": 3125.03125, "3.8333333": 3125.03125, "3.9166667": 3125.03125, "4.0": 3125.03125, "4.0833335": 3125.03125, "4.1666665": 3125.03125, "4.25": 3125.03125, "4.3333335": 3125.03125, "4.4166665": 2876.8546875, "4.5": 2878.4453125, "4.5833335": 2999.2921875, "4.6666665": 2546.95625, "4.75": 2653.7828125, "4.8333335": 2922.14375, "4.9166665": 2774.7859375, "5.0": 2827.6, "5.0833335": 2717.75625, "5.1666665": 2802.128125, "5.25": 3024.675, "5.3333335": 2717.5328125, "5.4166665": 2527.1859375, "5.5": 2713.86875, "5.5833335": 2764.5890625, "5.6666665": 2541.1, "5.75": 2572.3625, "5.8333335": 2704.16875, "5.9166665": 2446.290625, "6.0": 2394.2609375, "6.0833335": 2439.409375, "6.1666665": 1905.021875, "6.25": 2369.9328125, "6.3333335": 2301.2046875, "6.4166665": 2019.8921875, "6.5": 1930.434375, "6.5833335": 1791.5828125, "6.6666665": 2312.396875, "6.75": 1702.490625, "6.8333335": 1809.3890625, "6.9166665": 1576.0125, "7.0": 1372.2375, "7.0833335": 2229.7890625, "7.1666665": 1773.7484375, "7.25": 1357.0859375, "7.3333335": 1568.44375, "7.4166665": 2224.21875, "7.5": 1178.534375, "7.5833335": 1756.8515625, "7.6666665": 1733.671875, "7.75": 1375.8828125, "7.8333335": 2253.8375, "7.9166665": 1616.71875, "8.0": 2055.859375, "8.083333": 1272.034375, "8.166667": 1088.4875, "8.25": 1413.1796875, "8.333333": 1422.88125, "8.416667": 1466.440625, "8.5": 1346.334375, "8.583333": 886.3609375, "8.666667": 1338.98125, "8.75": 922.9953125, "8.833333": 973.8609375, "8.916667": 652.8359375, "9.0": 1015.96875, "9.083333": 924.640625, "9.166667": 385.51875, "9.25": 663.5796875, "9.333333": 702.071875, "9.416667": 1247.953125, "9.5": 1265.4171875, "9.583333": 630.7765625, "9.666667": 556.7515625, "9.75": 626.4609375, "9.833333": 816.6921875, "9.916667": 466.2171875, "10.0": 273.034375, "10.083333": 687.0921875, "10.166667": 370.021875, "10.25": 342.4765625, "10.333333": 372.8578125, "10.416667": 508.978125, "10.5": 533.03125, "10.583333": 584.9625, "10.666667": 150.725, "10.75": 234.596875, "10.833333": 339.375, "10.916667": 147.0265625, "11.0": 415.3703125, "11.083333": 561.6203125, "11.166667": 686.2671875, "11.25": 71.7921875, "11.333333": 161.0875, "11.416667": 117.775, "11.5": 438.9, "11.583333": 49.5171875, "11.666667": 107.0109375, "11.75": 277.7078125, "11.833333": 38.6359375, "11.916667": 429.125, "12.0": 1206.746875, "12.083333": 341.0078125, "12.166667": 365.59375, "12.25": 239.6609375, "12.333333": 291.9859375, "12.416667": 281.2078125, "12.5": 337.3140625, "12.583333": 12.15625, "12.666667": 308.0953125, "12.75": 190.1828125, "12.833333": 153.95625, "12.916667": 189.5796875, "13.0": 70.2734375, "13.083333": 112.384375, "13.166667": 114.221875, "13.25": 11.096875, "13.333333": 21.9953125, "13.416667": 169.8734375, "13.5": 169.98125, "13.583333": 350.921875, "13.666667": 198.7578125, "13.75": 226.3265625, "13.833333": 162.7, "13.916667": 90.0609375, "14.0": 22.596875, "14.083333": 124.209375, "14.166667": 5.8, "14.25": 12.553125, "14.333333": 72.7265625, "14.416667": 27.959375, "14.5": 244.684375, "14.583333": 65.5859375, "14.666667": 59.640625, "14.75": 139.7046875, "14.833333": 39.478125, "14.916667": 12.221875, "15.0": 130.3015625, "15.083333": 9.00625, "15.166667": 10.040625, "15.25": 177.540625, "15.333333": 5.090625, "15.416667": 6.3484375, "15.5": 18.659375, "15.583333": 14.428125, "15.666667": 11.765625, "15.75": 6.28125, "15.833333": 4.7359375, "15.916667": 7.365625, "16.0": 5.7203125, "16.083334": 50.3046875, "16.166666": 11.43125, "16.25": 4.815625, "16.333334": 7.3375, "16.416666": 10.446875, "16.5": 5.1015625, "16.583334": 4.965625, "16.666666": 140.9109375, "16.75": 3.5046875, "16.833334": 5.7859375, "16.916666": 5.2578125, "17.0": 3.3890625, "17.083334": 6.3921875, "17.166666": 6.60625, "17.25": 9.121875, "17.333334": 10.678125, "17.416666": 4.33125, "17.5": 2.3109375, "17.583334": 2.6765625, "17.666666": 4.7578125, "17.75": 1.9046875, "17.833334": 6.4703125, "17.916666": 3.66875, "18.0": 2.44375, "18.083334": 1.5359375, "18.166666": 4.15625, "18.25": 3.334375, "18.333334": 2.2234375, "18.416666": 1.9453125, "18.5": 2.55, "18.583334": 7.7875, "18.666666": 6.4453125, "18.75": 1.675, "18.833334": 3.73125, "18.916666": 2.809375, "19.0": 1.7578125, "19.083334": 1.61875, "19.166666": 1.21875, "19.25": 2.1, "19.333334": 1.703125, "19.416666": 1.403125, "19.5": 2.1078125, "19.583334": 1.234375, "19.666666": 1.4421875, "19.75": 0.98125, "19.833334": 1.6921875, "19.916666": 1.03125, "20.0": 1.4015625, "20.083334": 1.0375, "20.166666": 1.5, "20.25": 1.05, "20.333334": 1.10625, "20.416666": 1.8625, "20.5": 0.9234375, "20.583334": 0.959375, "20.666666": 1.028125, "20.75": 1.453125, "20.833334": 1.646875, "20.916666": 1.115625, "21.0": 1.0296875, "21.083334": 1.14375, "21.166666": 1.246875, "21.25": 0.875, "21.333334": 1.16875, "21.416666": 1.346875, "21.5": 1.0875, "21.583334": 0.975, "21.666666": 0.978125, "21.75": 0.815625, "21.833334": 0.953125, "21.916666": 0.88125, "22.0": 0.890625, "22.083334": 1.040625, "22.166666": 0.86875, "22.25": 0.796875, "22.333334": 0.878125, "22.416666": 0.925, "22.5": 0.9, "22.583334": 0.8625, "22.666666": 0.809375, "22.75": 0.903125, "22.833334": 0.8625, "22.916666": 0.9375, "23.0": 0.75}