{"1.6875": 3.403125, "14.0625": 763.9640625, "10.1875": 2288.0890625, "8.1875": 2533.040625, "28.625": 1.071875, "17.1875": 267.1125, "8.25": 2669.1375, "24.0625": 4.396875, "18.25": 23.1671875, "30.375": 1.046875, "24.5": 8.1921875, "5.6875": 3125.03125, "6.0": 3125.03125, "20.5625": 11.9296875, "9.0": 2564.8375, "24.375": 4.5921875, "9.0625": 2707.0375, "7.9375": 2833.9, "11.375": 1988.446875, "20.125": 25.6515625, "19.8125": 131.8078125, "7.5": 2933.990625, "3.4375": 3125.03125, "7.75": 2846.7015625, "26.9375": 1.7, "21.3125": 13.2296875, "15.4375": 780.2234375, "30.5": 1.128125, "18.1875": 532.35625, "3.75": 3125.03125, "1.875": 10.603125, "28.5625": 1.04375, "10.875": 1574.7109375, "2.9375": 2947.353125, "19.25": 173.9671875, "25.5": 1.5359375, "17.75": 306.0015625, "25.8125": 1.65625, "27.5625": 1.4359375, "12.875": 1109.4921875, "6.5625": 2990.278125, "23.875": 2.2265625, "28.3125": 1.69375, "13.8125": 726.7765625, "7.8125": 2990.2640625, "29.8125": 1.15, "30.875": 1.084375, "9.375": 2548.84375, "7.625": 2722.5421875, "29.125": 1.134375, "27.0": 1.4765625, "7.125": 2941.478125, "4.6875": 3125.03125, "2.625": 846.753125, "10.75": 1964.796875, "13.4375": 825.28125, "13.0": 707.065625, "29.5625": 1.196875, "30.4375": 1.1125, "12.6875": 1048.6640625, "11.5": 1223.9140625, "29.5": 1.30625, "13.5625": 1023.3234375, "5.75": 3125.03125, "18.875": 102.1546875, "29.0": 1.134375, "19.6875": 7.525, "6.375": 3125.03125, "20.875": 43.234375, "5.5625": 3125.03125, "20.6875": 4.421875, "14.75": 656.5015625, "16.25": 55.075, "4.0": 3125.03125, "17.4375": 295.734375, "17.0625": 379.015625, "1.8125": 9.515625, "14.25": 1060.5046875, "0.9375": 0.496875, "4.25": 3125.03125, "17.375": 155.1734375, "26.1875": 2.26875, "5.25": 3125.03125, "29.9375": 1.21875, "21.1875": 26.7828125, "9.8125": 1884.921875, "9.625": 2788.75625, "12.625": 1520.2453125, "17.125": 198.559375, "21.75": 7.98125, "18.625": 26.7671875, "10.3125": 1919.4859375, "7.5625": 2658.9484375, "16.625": 380.7828125, "3.25": 3125.03125, "20.8125": 9.6671875, "29.25": 1.590625, "10.25": 2002.3921875, "30.3125": 1.065625, "5.5": 3125.03125, "28.6875": 1.371875, "9.6875": 2416.29375, "7.4375": 2479.3765625, "22.6875": 12.0, "17.0": 224.125, "21.0625": 33.546875, "25.375": 2.5609375, "12.125": 1304.365625, "23.6875": 2.5140625, "14.125": 500.4046875, "10.125": 1886.76875, "24.25": 2.2015625, "19.5": 41.403125, "31.0": 1.0, "20.4375": 48.1765625, "8.4375": 2460.49375, "11.8125": 1104.3140625, "23.3125": 5.6328125, "30.75": 1.065625, "2.375": 162.184375, "25.3125": 3.228125, "28.9375": 1.346875, "18.8125": 197.3015625, "19.625": 167.753125, "26.75": 1.7484375, "20.1875": 12.171875, "25.625": 2.359375, "4.75": 3125.03125, "24.1875": 3.3046875, "18.5625": 228.6328125, "30.6875": 1.05625, "11.3125": 2024.821875, "8.9375": 2379.3078125, "18.125": 104.81875, "1.5625": 3.225, "21.8125": 7.046875, "30.25": 1.059375, "11.0": 1436.95625, "24.3125": 9.7265625, "20.3125": 20.1171875, "15.125": 867.2984375, "15.375": 823.215625, "20.5": 17.8265625, "12.9375": 442.65, "20.25": 22.8671875, "22.0625": 6.58125, "22.625": 2.759375, "11.0625": 2123.65, "16.9375": 95.3609375, "26.5625": 1.4796875, "28.875": 1.48125, "23.625": 11.0171875, "20.75": 37.2609375, "13.25": 699.2609375, "27.875": 1.084375, "24.75": 2.54375, "10.6875": 1901.6, "25.6875": 1.628125, "6.0625": 3125.03125, "3.5625": 3125.03125, "17.5625": 193.45625, "26.8125": 1.659375, "11.6875": 1144.853125, "28.25": 1.6625, "26.3125": 1.6125, "11.25": 1482.178125, "6.8125": 2848.2578125, "2.0625": 33.09375, "18.9375": 102.0453125, "4.3125": 3125.03125, "15.875": 348.8953125, "22.8125": 4.8234375, "13.6875": 663.725, "5.4375": 3083.9109375, "30.125": 1.0875, "24.4375": 2.7234375, "10.8125": 2044.7390625, "9.3125": 2416.26875, "26.125": 1.3640625, "26.375": 1.515625, "5.9375": 3125.03125, "13.5": 998.2640625, "0.75": 0.384375, "24.125": 2.0171875, "15.9375": 296.0859375, "19.4375": 6.5765625, "4.125": 3125.03125, "1.0": 0.63125, "22.3125": 5.3203125, "26.0": 2.1734375, "26.0625": 2.046875, "3.875": 3125.03125, "12.75": 1387.3578125, "15.6875": 152.0921875, "27.9375": 1.43125, "15.3125": 240.075, "16.375": 644.4453125, "5.375": 3125.03125, "1.5": 2.75, "6.125": 3125.03125, "24.5625": 1.7234375, "23.25": 3.0171875, "10.375": 1435.2984375, "12.375": 1270.11875, "0.25": 0.128125, "26.5": 1.3484375, "9.1875": 2477.30625, "30.1875": 1.125, "4.0625": 3125.03125, "15.0": 605.5875, "13.9375": 580.6046875, "29.75": 1.134375, "6.1875": 2974.7421875, "12.1875": 1029.440625, "25.0625": 6.684375, "27.25": 1.1703125, "29.4375": 1.140625, "2.6875": 1434.134375, "4.875": 3125.03125, "8.5625": 2524.259375, "25.75": 1.559375, "23.5625": 67.6609375, "8.875": 2427.48125, "9.875": 2061.0109375, "12.3125": 1320.44375, "18.0": 246.9375, "27.3125": 1.578125, "0.375": 0.18125, "21.9375": 31.6359375, "19.375": 156.090625, "4.8125": 3125.03125, "11.4375": 1477.975, "29.0625": 1.309375, "1.3125": 1.065625, "7.0": 3003.2921875, "24.625": 4.571875, "16.8125": 55.675, "5.0": 3125.03125, "13.3125": 1162.5109375, "6.625": 3125.03125, "12.25": 1266.93125, "11.75": 849.0171875, "30.0625": 1.184375, "25.125": 2.20625, "2.8125": 2088.80625, "17.625": 144.653125, "15.5625": 890.5390625, "24.6875": 3.2765625, "14.375": 446.50625, "23.1875": 5.546875, "1.75": 5.490625, "24.9375": 2.2203125, "2.125": 33.471875, "22.375": 32.1796875, "19.875": 219.790625, "28.4375": 1.196875, "2.75": 1913.6, "14.625": 409.8265625, "8.375": 2765.35, "0.0625": 0.09375, "20.375": 41.9953125, "11.5625": 1309.2421875, "16.75": 46.89375, "15.5": 104.021875, "3.5": 3125.03125, "2.875": 2429.31875, "2.1875": 64.678125, "14.3125": 776.778125, "2.0": 21.90625, "25.25": 2.9625, "8.6875": 2557.571875, "1.125": 0.9125, "26.4375": 1.5125, "3.9375": 3125.03125, "21.4375": 19.159375, "11.875": 1142.4578125, "22.875": 77.6671875, "10.625": 2518.7015625, "28.8125": 1.375, "0.8125": 0.415625, "28.5": 1.259375, "22.5625": 2.646875, "19.5625": 43.671875, "3.0625": 3119.68125, "5.1875": 3125.03125, "11.9375": 1266.8875, "19.3125": 331.978125, "29.1875": 1.334375, "7.3125": 2907.453125, "23.0": 3.9515625, "26.6875": 1.6515625, "23.5": 3.98125, "18.375": 147.7375, "27.0625": 2.5875, "14.5625": 765.6859375, "15.0625": 416.4875, "10.0": 1913.303125, "16.125": 619.6203125, "18.4375": 65.3640625, "7.6875": 2510.5671875, "22.25": 8.88125, "25.875": 3.340625, "11.125": 1585.6671875, "14.1875": 464.65, "6.25": 2977.796875, "13.875": 997.0859375, "13.375": 879.1421875, "22.125": 7.1671875, "29.625": 1.2125, "25.5625": 10.784375, "9.5625": 2213.1046875, "20.9375": 22.2546875, "15.1875": 373.790625, "8.0": 2712.5171875, "18.0625": 504.4796875, "1.9375": 11.6625, "16.875": 400.6234375, "21.6875": 9.646875, "16.1875": 593.93125, "21.0": 38.7484375, "25.0": 137.7390625, "12.5": 809.2171875, "7.0625": 2898.471875, "23.9375": 2.2671875, "3.625": 3125.03125, "11.625": 1346.28125, "21.25": 15.7421875, "8.125": 2840.2609375, "12.4375": 1281.521875, "14.5": 574.840625, "19.75": 168.296875, "18.5": 28.99375, "28.1875": 1.5875, "6.875": 3015.9296875, "22.4375": 3.828125, "19.125": 18.8171875, "16.5": 277.7765625, "2.3125": 91.603125, "28.0625": 1.275, "22.9375": 57.965625, "15.8125": 217.8265625, "16.3125": 367.9515625, "17.6875": 174.74375, "19.1875": 32.3734375, "12.0625": 1122.834375, "3.3125": 3125.03125, "5.3125": 3125.03125, "25.4375": 1.634375, "1.375": 1.859375, "15.25": 432.7625, "27.6875": 1.396875, "3.0": 3069.459375, "28.375": 1.29375, "4.625": 3125.03125, "17.8125": 241.7375, "3.8125": 3125.03125, "6.5": 2991.8734375, "7.25": 2953.9609375, "17.875": 24.85, "9.4375": 1970.109375, "24.8125": 4.28125, "19.9375": 6.434375, "6.3125": 2976.0890625, "1.0625": 0.590625, "3.125": 3125.03125, "0.125": 0.1, "26.625": 2.13125, "12.8125": 1070.790625, "4.5": 3125.03125, "22.5": 3.4609375, "8.0625": 2546.5421875, "23.75": 3.93125, "5.125": 3125.03125, "11.1875": 1512.2203125, "29.3125": 1.071875, "12.0": 1070.2, "23.8125": 4.609375, "29.6875": 1.3625, "29.375": 1.70625,