{"0.125": 0.09375, "0.25": 0.109375, "0.375": 0.140625, "0.5": 0.178125, "0.625": 0.184375, "0.75": 0.23125, "0.875": 0.325, "1.0": 0.396875, "1.125": 0.496875, "1.25": 0.478125, "1.375": 0.675, "1.5": 0.871875, "1.625": 1.071875, "1.75": 1.50625, "1.875": 2.18125, "2.0": 2.965625, "2.125": 4.4625, "2.25": 6.740625, "2.375": 10.715625, "2.5": 13.20625, "2.625": 18.625, "2.75": 23.571875, "2.875": 38.5875, "3.0": 56.540625, "3.125": 83.8046875, "3.25": 144.33125, "3.375": 186.9984375, "3.5": 285.2734375, "3.625": 380.18125, "3.75": 569.4953125, "3.875": 826.3203125, "4.0": 892.9546875, "4.125": 1272.0578125, "4.25": 1736.6921875, "4.375": 1945.7390625, "4.5": 781.0015625, "4.625": 1532.590625, "4.75": 1274.521875, "4.875": 993.9234375, "5.0": 1008.309375, "5.125": 1289.4328125, "5.25": 1335.234375, "5.375": 1179.6171875, "5.5": 1192.934375, "5.625": 1035.64375, "5.75": 175.8609375, "5.875": 407.8359375, "6.0": 616.8875, "6.125": 621.9296875, "6.25": 866.2171875, "6.375": 904.4828125, "6.5": 58.6671875, "6.625": 509.6296875, "6.75": 189.9859375, "6.875": 395.4, "7.0": 44.909375, "7.125": 49.2140625, "7.25": 464.6859375, "7.375": 251.55, "7.5": 612.3640625, "7.625": 204.7328125, "7.75": 52.36875, "7.875": 197.35, "8.0": 336.2640625, "8.125": 59.44375, "8.25": 215.8515625, "8.375": 108.7, "8.5": 28.7734375, "8.625": 81.7171875, "8.75": 19.0125, "8.875": 9.6703125, "9.0": 179.6984375, "9.125": 7.8046875, "9.25": 22.1953125, "9.375": 52.0828125, "9.5": 200.64375, "9.625": 4.7203125, "9.75": 20.7921875, "9.875": 4.73125, "10.0": 2.9296875, "10.125": 3.0828125, "10.25": 2.4515625, "10.375": 4.6734375, "10.5": 5.31875, "10.625": 5.3046875, "10.75": 6.1140625, "10.875": 27.428125, "11.0": 16.1921875, "11.125": 2.8859375, "11.25": 3.240625, "11.375": 3.1640625, "11.5": 1.8375, "11.625": 1.3171875, "11.75": 1.828125, "11.875": 3.2734375, "12.0": 1.5265625, "12.125": 1.6625, "12.25": 1.259375, "12.375": 2.1078125, "12.5": 3.20625, "12.625": 1.3328125, "12.75": 1.6390625, "12.875": 1.0171875, "13.0": 0.85625, "13.125": 1.328125, "13.25": 0.971875, "13.375": 0.83125, "13.5": 0.771875, "13.625": 0.76875, "13.75": 0.83125, "13.875": 0.840625, "14.0": 0.721875, "14.125": 0.84375, "14.25": 0.721875, "14.375": 0.625, "14.5": 0.528125, "14.625": 0.703125, "14.75": 0.66875, "14.875": 0.6875, "15.0": 0.5}