{"0.125": 0.09375, "0.25": 0.09375, "0.375": 0.15625, "0.5": 0.15625, "0.625": 0.1875, "0.75": 0.21875, "0.875": 0.3125, "1.0": 0.40625, "1.125": 0.46875, "1.25": 0.46875, "1.375": 0.65625, "1.5": 0.75, "1.625": 1.0, "1.75": 1.34375, "1.875": 1.8125, "2.0": 2.78125, "2.125": 4.1875, "2.25": 6.28125, "2.375": 10.59375, "2.5": 11.875, "2.625": 18.375, "2.75": 22.46875, "2.875": 37.84375, "3.0": 47.28125, "3.125": 76.875, "3.25": 149.09375, "3.375": 179.8125, "3.5": 307.5, "3.625": 382.484375, "3.75": 506.34375, "3.875": 906.140625, "4.0": 1010.453125, "4.125": 1344.0, "4.25": 1966.609375, "4.375": 3113.15625, "4.5": 246.28125, "4.625": 897.75, "4.75": 723.125, "4.875": 544.546875, "5.0": 319.703125, "5.125": 498.578125, "5.25": 611.78125, "5.375": 695.890625, "5.5": 471.59375, "5.625": 111.65625, "5.75": 74.96875, "5.875": 95.140625, "6.0": 89.40625, "6.125": 114.796875, "6.25": 128.25, "6.375": 36.0, "6.5": 41.03125, "6.625": 48.53125, "6.75": 8.640625, "6.875": 15.40625, "7.0": 23.15625, "7.125": 18.875, "7.25": 22.8125, "7.375": 20.734375, "7.5": 23.5625, "7.625": 8.5625, "7.75": 3.484375, "7.875": 30.546875, "8.0": 8.0, "8.125": 15.375, "8.25": 7.265625, "8.375": 5.5, "8.5": 3.734375, "8.625": 3.546875, "8.75": 4.53125, "8.875": 5.203125, "9.0": 4.875, "9.125": 2.59375, "9.25": 6.015625, "9.375": 4.8125, "9.5": 3.140625, "9.625": 3.53125, "9.75": 3.28125, "9.875": 1.1875, "10.0": 3.25, "10.125": 1.875, "10.25": 1.8125, "10.375": 2.09375, "10.5": 1.6875, "10.625": 1.4375, "10.75": 2.1875, "10.875": 1.34375, "11.0": 0.96875, "11.125": 1.21875, "11.25": 1.40625, "11.375": 1.328125, "11.5": 1.25, "11.625": 0.90625, "11.75": 1.03125, "11.875": 1.25, "12.0": 0.875, "12.125": 1.15625, "12.25": 0.9375, "12.375": 0.734375, "12.5": 1.0625, "12.625": 1.1875, "12.75": 0.6875, "12.875": 0.6875, "13.0": 0.75, "13.125": 0.875, "13.25": 0.6875, "13.375": 0.59375, "13.5": 0.5, "13.625": 0.59375, "13.75": 0.59375, "13.875": 0.59375, "14.0": 0.5, "14.125": 0.6875, "14.25": 0.6875, "14.375": 0.5, "14.5": 0.5, "14.625": 0.5, "14.75": 0.5, "14.875": 0.6875, "15.0": 0.5}