{"0.083333336": 0.03125, "0.16666667": 0.03125, "0.25": 0.03125, "0.33333334": 0.03125, "0.41666666": 0.03125, "0.5": 0.03125, "0.5833333": 0.03125, "0.6666667": 0.03125, "0.75": 0.03125, "0.8333333": 0.03125, "0.9166667": 0.03125, "1.0": 0.03125, "1.0833334": 0.03125, "1.1666666": 0.03125, "1.25": 0.03125, "1.3333334": 0.03125, "1.4166666": 0.03125, "1.5": 0.03125, "1.5833334": 0.03125, "1.6666666": 0.03125, "1.75": 0.03125, "1.8333334": 0.03125, "1.9166666": 0.03125, "2.0": 0.03125, "2.0833333": 0.03125, "2.1666667": 0.03125, "2.25": 0.03125, "2.3333333": 0.03125, "2.4166667": 0.03125, "2.5": 0.03125, "2.5833333": 0.03125, "2.6666667": 0.03125, "2.75": 0.03125, "2.8333333": 0.03125, "2.9166667": 0.03125, "3.0": 0.03125, "3.0833333": 0.03125, "3.1666667": 0.03125, "3.25": 0.03125, "3.3333333": 0.03125, "3.4166667": 1.1, "3.5": 2.15, "3.5833333": 0.21875, "3.6666667": 0.03125, "3.75": 0.03125, "3.8333333": 0.159375, "3.9166667": 0.28125, "4.0": 4.053125, "4.0833335": 9.5, "4.1666665": 1.2, "4.25": 1.6, "4.3333335": 1.453125, "4.4166665": 1.81875, "4.5": 9.209375, "4.5833335": 79.396875, "4.6666665": 156.50625, "4.75": 27.328125, "4.8333335": 2.459375, "4.9166665": 5.803125, "5.0": 0.91875, "5.0833335": 5.296875, "5.1666665": 1.159375, "5.25": 1.134375, "5.3333335": 1.084375, "5.4166665": 29.796875, "5.5": 160.91875, "5.5833335": 0.778125, "5.6666665": 0.840625, "5.75": 0.815625, "5.8333335": 0.453125, "5.9166665": 0.63125, "6.0": 2.228125, "6.0833335": 0.828125, "6.1666665": 0.703125, "6.25": 0.69375, "6.3333335": 0.56875, "6.4166665": 0.890625, "6.5": 0.659375, "6.5833335": 0.684375, "6.6666665": 0.7375, "6.75": 0.69375, "6.8333335": 0.728125, "6.9166665": 0.703125, "7.0": 0.728125, "7.0833335": 0.71875, "7.1666665": 0.728125, "7.25": 0.684375, "7.3333335": 0.684375, "7.4166665": 0.58125, "7.5": 0.684375, "7.5833335": 0.684375, "7.6666665": 0.65, "7.75": 0.71875, "7.8333335": 0.684375, "7.9166665": 0.728125, "8.0": 0.684375, "8.083333": 0.71875, "8.166667": 0.684375, "8.25": 0.740625, "8.333333": 0.71875, "8.416667": 0.71875, "8.5": 0.71875, "8.583333": 0.703125, "8.666667": 0.71875, "8.75": 0.71875, "8.833333": 0.71875, "8.916667": 0.71875, "9.0": 0.71875, "9.083333": 0.71875, "9.166667": 0.7375, "9.25": 0.728125, "9.333333": 0.71875, "9.416667": 0.71875, "9.5": 0.71875, "9.583333": 0.71875, "9.666667": 0.728125, "9.75": 0.71875, "9.833333": 0.71875, "9.916667": 0.71875, "10.0": 0.71875, "10.083333": 0.71875, "10.166667": 0.71875, "10.25": 0.71875, "10.333333": 0.71875, "10.416667": 0.71875, "10.5": 0.71875, "10.583333": 0.71875, "10.666667": 0.71875, "10.75": 0.71875, "10.833333": 0.728125, "10.916667": 0.71875, "11.0": 0.71875, "11.083333": 0.71875, "11.166667": 0.71875, "11.25": 0.71875, "11.333333": 0.71875, "11.416667": 0.71875, "11.5": 0.71875, "11.583333": 0.71875, "11.666667": 0.71875, "11.75": 0.71875, "11.833333": 0.728125, "11.916667": 0.71875, "12.0": 0.71875, "12.083333": 0.71875, "12.166667": 0.71875, "12.25": 0.71875, "12.333333": 0.71875, "12.416667": 0.71875, "12.5": 0.71875, "12.583333": 0.71875, "12.666667": 0.71875, "12.75": 0.71875, "12.833333": 0.71875, "12.916667": 0.71875, "13.0": 0.71875, "13.083333": 0.71875, "13.166667": 0.71875, "13.25": 0.71875, "13.333333": 0.71875, "13.416667": 0.71875, "13.5": 0.71875, "13.583333": 0.71875, "13.666667": 0.71875, "13.75": 0.71875, "13.833333": 0.71875, "13.916667": 0.71875, "14.0": 0.71875, "14.083333": 0.71875, "14.166667": 0.71875, "14.25": 0.71875, "14.333333": 0.71875, "14.416667": 0.71875, "14.5": 0.71875, "14.583333": 0.71875, "14.666667": 0.71875, "14.75": 0.71875, "14.833333": 0.71875, "14.916667": 0.71875, "15.0": 0.71875, "15.083333": 0.71875, "15.166667": 0.71875, "15.25": 0.71875, "15.333333": 0.71875, "15.416667": 0.71875, "15.5": 0.71875, "15.583333": 0.71875, "15.666667": 0.71875, "15.75": 0.71875, "15.833333": 0.71875, "15.916667": 0.71875, "16.0": 0.71875, "16.083334": 0.71875, "16.166666": 0.71875, "16.25": 0.71875, "16.333334": 0.71875, "16.416666": 0.71875, "16.5": 0.71875, "16.583334": 0.71875, "16.666666": 0.71875, "16.75": 0.71875, "16.833334": 0.71875, "16.916666": 0.71875, "17.0": 0.71875, "17.083334": 0.71875, "17.166666": 0.71875, "17.25": 0.71875, "17.333334": 0.71875, "17.416666": 0.71875, "17.5": 0.71875, "17.583334": 0.71875, "17.666666": 0.71875, "17.75": 0.71875, "17.833334": 0.71875, "17.916666": 0.71875, "18.0": 0.71875, "18.083334": 0.71875, "18.166666": 0.71875, "18.25": 0.71875, "18.333334": 0.71875, "18.416666": 0.71875, "18.5": 0.71875, "18.583334": 0.71875, "18.666666": 0.71875, "18.75": 0.71875, "18.833334": 0.71875, "18.916666": 0.71875, "19.0": 0.71875, "19.083334": 0.71875, "19.166666": 0.71875, "19.25": 0.71875, "19.333334": 0.71875, "19.416666": 0.71875, "19.5": 0.71875, "19.583334": 0.71875, "19.666666": 0.71875, "19.75": 0.71875, "19.833334": 0.71875, "19.916666": 0.71875, "20.0": 0.71875, "20.083334": 0.71875, "20.166666": 0.71875, "20.25": 0.71875, "20.333334": 0.71875, "20.416666": 0.71875, "20.5": 0.71875, "20.583334": 0.71875, "20.666666": 0.71875, "20.75": 0.71875, "20.833334": 0.71875, "20.916666": 0.71875, "21.0": 0.71875, "21.083334": 0.71875, "21.166666": 0.71875, "21.25": 0.71875, "21.333334": 0.71875, "21.416666": 0.71875, "21.5": 0.71875, "21.583334": 0.71875, "21.666666": 0.71875, "21.75": 0.71875, "21.833334": 0.71875, "21.916666": 0.71875, "22.0": 0.71875, "22.083334": 0.71875, "22.166666": 0.71875, "22.25": 0.71875, "22.333334": 0.71875, "22.416666": 0.71875, "22.5": 0.71875, "22.583334": 0.71875, "22.666666": 0.71875, "22.75": 0.71875, "22.833334": 0.71875, "22.916666": 0.71875, "23.0": 0.71875}