{"0.083333336": 0.09375, "0.16666667": 0.09375, "0.25": 0.15625, "0.33333334": 0.15625, "0.41666666": 0.15625, "0.5": 0.1875, "0.5833333": 0.21875, "0.6666667": 0.25, "0.75": 0.28125, "0.8333333": 0.34375, "0.9166667": 0.375, "1.0": 0.375, "1.0833334": 0.59375, "1.1666666": 0.59375, "1.25": 0.8125, "1.3333334": 0.875, "1.4166666": 1.34375, "1.5": 1.21875, "1.5833334": 1.53125, "1.6666666": 2.375, "1.75": 2.75, "1.8333334": 3.5625, "1.9166666": 4.65625, "2.0": 9.09375, "2.0833333": 11.65625, "2.1666667": 16.71875, "2.25": 20.65625, "2.3333333": 20.625, "2.4166667": 38.3125, "2.5": 68.03125, "2.5833333": 70.71875, "2.6666667": 119.5, "2.75": 209.53125, "2.8333333": 333.875, "2.9166667": 459.34375, "3.0": 668.03125, "3.0833333": 1159.125, "3.1666667": 1358.40625, "3.25": 1916.75, "3.3333333": 3125.03125, "3.4166667": 3125.03125, "3.5": 3125.03125, "3.5833333": 3125.03125, "3.6666667": 3125.03125, "3.75": 3125.03125, "3.8333333": 3125.03125, "3.9166667": 3125.03125, "4.0": 3125.03125, "4.0833335": 3125.03125, "4.1666665": 3125.03125, "4.25": 3125.03125, "4.3333335": 3125.03125, "4.4166665": 3125.03125, "4.5": 3125.03125, "4.5833335": 3125.03125, "4.6666665": 3125.03125, "4.75": 3125.03125, "4.8333335": 3125.03125, "4.9166665": 3125.03125, "5.0": 3125.03125, "5.0833335": 3125.03125, "5.1666665": 3125.03125, "5.25": 3125.03125, "5.3333335": 3125.03125, "5.4166665": 3125.03125, "5.5": 3125.03125, "5.5833335": 3125.03125, "5.6666665": 3125.03125, "5.75": 3125.03125, "5.8333335": 3125.03125, "5.9166665": 1400.640625, "6.0": 3125.03125, "6.0833335": 3125.03125, "6.1666665": 3108.796875, "6.25": 1050.265625, "6.3333335": 3125.03125, "6.4166665": 3125.03125, "6.5": 3125.03125, "6.5833335": 1425.984375, "6.6666665": 3125.03125, "6.75": 124.015625, "6.8333335": 946.609375, "6.9166665": 150.4375, "7.0": 1226.0625, "7.0833335": 113.78125, "7.1666665": 920.4375, "7.25": 46.109375, "7.3333335": 645.21875, "7.4166665": 837.125, "7.5": 254.78125, "7.5833335": 699.0625, "7.6666665": 235.921875, "7.75": 119.9375, "7.8333335": 284.5, "7.9166665": 102.640625, "8.0": 151.09375, "8.083333": 141.71875, "8.166667": 187.171875, "8.25": 88.921875, "8.333333": 441.46875, "8.416667": 98.234375, "8.5": 49.296875, "8.583333": 120.0625, "8.666667": 41.5625, "8.75": 34.125, "8.833333": 222.59375, "8.916667": 86.46875, "9.0": 22.765625, "9.083333": 17.375, "9.166667": 35.5625, "9.25": 14.5, "9.333333": 6.59375, "9.416667": 20.40625, "9.5": 27.40625, "9.583333": 10.890625, "9.666667": 25.15625, "9.75": 11.390625, "9.833333": 14.03125, "9.916667": 22.15625, "10.0": 12.21875, "10.083333": 109.15625, "10.166667": 5.4375, "10.25": 9.015625, "10.333333": 5.3125, "10.416667": 2.96875, "10.5": 2.625, "10.583333": 11.875, "10.666667": 3.84375, "10.75": 3.515625, "10.833333": 12.59375, "10.916667": 4.5, "11.0": 4.359375, "11.083333": 4.09375, "11.166667": 6.546875, "11.25": 3.3125, "11.333333": 3.1875, "11.416667": 2.953125, "11.5": 1.875, "11.583333": 9.40625, "11.666667": 4.0625, "11.75": 2.65625, "11.833333": 1.6875, "11.916667": 2.0, "12.0": 5.125, "12.083333": 4.828125, "12.166667": 5.625, "12.25": 4.625, "12.333333": 3.96875, "12.416667": 3.15625, "12.5": 2.875, "12.583333": 1.6875, "12.666667": 3.046875, "12.75": 1.734375, "12.833333": 2.71875, "12.916667": 1.625, "13.0": 1.234375, "13.083333": 1.359375, "13.166667": 3.90625, "13.25": 1.296875, "13.333333": 1.5625, "13.416667": 1.765625, "13.5": 1.53125, "13.583333": 1.09375, "13.666667": 0.96875, "13.75": 3.25, "13.833333": 0.84375, "13.916667": 1.265625, "14.0": 0.84375, "14.083333": 1.65625, "14.166667": 1.28125, "14.25": 1.359375, "14.333333": 1.296875, "14.416667": 0.984375, "14.5": 0.828125, "14.583333": 1.296875, "14.666667": 1.28125, "14.75": 1.3125, "14.833333": 1.28125, "14.916667": 1.15625, "15.0": 0.828125, "15.083333": 0.953125, "15.166667": 0.828125, "15.25": 0.84375, "15.333333": 0.828125, "15.416667": 1.234375, "15.5": 0.75, "15.583333": 0.96875, "15.666667": 0.75, "15.75": 0.828125, "15.833333": 1.203125, "15.916667": 0.75, "16.0": 0.75, "16.083334": 0.921875, "16.166666": 0.90625, "16.25": 0.9375, "16.333334": 0.9375, "16.416666": 0.75, "16.5": 0.75, "16.583334": 0.9375, "16.666666": 0.984375, "16.75": 0.96875, "16.833334": 0.75, "16.916666": 0.75, "17.0": 0.75, "17.083334": 0.75, "17.166666": 0.953125, "17.25": 0.75, "17.333334": 0.921875, "17.416666": 0.75, "17.5": 0.75, "17.583334": 0.75, "17.666666": 0.75, "17.75": 0.75, "17.833334": 0.75, "17.916666": 0.75, "18.0": 0.75, "18.083334": 0.75, "18.166666": 0.75, "18.25": 0.75, "18.333334": 0.828125, "18.416666": 0.75, "18.5": 0.75, "18.583334": 0.75, "18.666666": 0.75, "18.75": 0.75, "18.833334": 0.75, "18.916666": 0.75, "19.0": 0.75, "19.083334": 0.75, "19.166666": 0.75, "19.25": 0.75, "19.333334": 0.75, "19.416666": 0.75, "19.5": 0.75, "19.583334": 0.75, "19.666666": 0.75, "19.75": 0.75, "19.833334": 0.75, "19.916666": 0.75, "20.0": 0.75, "20.083334": 0.75, "20.166666": 0.75, "20.25": 0.75, "20.333334": 0.75, "20.416666": 0.75, "20.5": 0.75, "20.583334": 0.75, "20.666666": 0.75, "20.75": 0.75, "20.833334": 0.75, "20.916666": 0.75, "21.0": 0.75, "21.083334": 0.75, "21.166666": 0.75, "21.25": 0.75, "21.333334": 0.75, "21.416666": 0.75, "21.5": 0.75, "21.583334": 0.75, "21.666666": 0.75, "21.75": 0.75, "21.833334": 0.75, "21.916666": 0.75, "22.0": 0.75, "22.083334": 0.75, "22.166666": 0.75, "22.25": 0.75, "22.333334": 0.75, "22.416666": 0.75, "22.5": 0.75, "22.583334": 0.75, "22.666666": 0.75, "22.75": 0.75, "22.833334": 0.75, "22.916666": 0.75, "23.0": 0.75}