{"0.125": 0.09375, "0.25": 0.109375, "0.375": 0.140625, "0.5": 0.178125, "0.625": 0.184375, "0.75": 0.23125, "0.875": 0.325, "1.0": 0.396875, "1.125": 0.496875, "1.25": 0.478125, "1.375": 0.675, "1.5": 0.871875, "1.625": 1.071875, "1.75": 1.50625, "1.875": 2.18125, "2.0": 2.965625, "2.125": 4.4625, "2.25": 6.740625, "2.375": 10.715625, "2.5": 13.20625, "2.625": 18.625, "2.75": 23.571875, "2.875": 38.5875, "3.0": 56.540625, "3.125": 83.8046875, "3.25": 144.33125, "3.375": 185.6453125, "3.5": 283.2859375, "3.625": 366.278125, "3.75": 569.4953125, "3.875": 809.6765625, "4.0": 824.9671875, "4.125": 1291.1234375, "4.25": 1677.7265625, "4.375": 1890.11875, "4.5": 828.1109375, "4.625": 1515.153125, "4.75": 1000.803125, "4.875": 632.5203125, "5.0": 1201.7640625, "5.125": 947.5, "5.25": 981.0421875, "5.375": 623.5234375, "5.5": 605.990625, "5.625": 690.2671875, "5.75": 234.2171875, "5.875": 354.984375, "6.0": 280.215625, "6.125": 579.0453125, "6.25": 458.625, "6.375": 547.0796875, "6.5": 170.25625, "6.625": 273.3875, "6.75": 220.9390625, "6.875": 80.759375, "7.0": 37.8265625, "7.125": 98.7171875, "7.25": 29.2953125, "7.375": 533.4703125, "7.5": 837.84375, "7.625": 167.465625, "7.75": 9.2015625, "7.875": 194.1484375, "8.0": 175.809375, "8.125": 35.3265625, "8.25": 253.9609375, "8.375": 19.8609375, "8.5": 26.271875, "8.625": 40.6046875, "8.75": 3.48125, "8.875": 1.45625, "9.0": 14.83125, "9.125": 4.31875, "9.25": 109.78125, "9.375": 1.565625, "9.5": 4.978125, "9.625": 2.090625, "9.75": 9.175, "9.875": 1.3484375, "10.0": 11.640625, "10.125": 2.86875, "10.25": 3.76875, "10.375": 0.871875, "10.5": 4.975, "10.625": 1.446875, "10.75": 1.5265625, "10.875": 1.6703125, "11.0": 0.8328125, "11.125": 1.1140625, "11.25": 3.68125, "11.375": 1.6734375, "11.5": 0.71875, "11.625": 0.671875, "11.75": 0.71875, "11.875": 1.128125, "12.0": 2.7109375, "12.125": 0.55, "12.25": 0.6109375, "12.375": 0.628125, "12.5": 0.69375, "12.625": 0.59375, "12.75": 0.6796875, "12.875": 0.5828125, "13.0": 0.6625, "13.125": 0.6, "13.25": 0.528125, "13.375": 0.559375, "13.5": 0.528125, "13.625": 0.5375, "13.75": 0.590625, "13.875": 0.565625, "14.0": 0.6, "14.125": 0.5, "14.25": 0.5, "14.375": 0.5, "14.5": 0.5, "14.625": 0.5, "14.75": 0.5, "14.875": 0.5, "15.0": 0.5}