{"0.125": 0.09375, "0.25": 0.09375, "0.375": 0.15625, "0.5": 0.15625, "0.625": 0.1875, "0.75": 0.21875, "0.875": 0.3125, "1.0": 0.40625, "1.125": 0.46875, "1.25": 0.46875, "1.375": 0.65625, "1.5": 0.75, "1.625": 1.0, "1.75": 1.34375, "1.875": 1.8125, "2.0": 2.78125, "2.125": 4.1875, "2.25": 6.28125, "2.375": 10.59375, "2.5": 11.875, "2.625": 18.375, "2.75": 22.46875, "2.875": 37.84375, "3.0": 47.28125, "3.125": 76.875, "3.25": 149.09375, "3.375": 179.8125, "3.5": 307.5, "3.625": 338.21875, "3.75": 506.34375, "3.875": 906.140625, "4.0": 754.65625, "4.125": 1344.0, "4.25": 1877.375, "4.375": 3113.15625, "4.5": 269.9375, "4.625": 953.671875, "4.75": 246.484375, "4.875": 116.234375, "5.0": 299.59375, "5.125": 47.203125, "5.25": 174.625, "5.375": 305.296875, "5.5": 80.0625, "5.625": 70.109375, "5.75": 5.78125, "5.875": 9.984375, "6.0": 45.90625, "6.125": 28.796875, "6.25": 46.4375, "6.375": 10.234375, "6.5": 6.34375, "6.625": 6.53125, "6.75": 13.578125, "6.875": 9.609375, "7.0": 5.390625, "7.125": 4.34375, "7.25": 3.8125, "7.375": 3.171875, "7.5": 19.03125, "7.625": 2.59375, "7.75": 1.546875, "7.875": 4.28125, "8.0": 3.84375, "8.125": 1.0, "8.25": 1.65625, "8.375": 1.109375, "8.5": 2.375, "8.625": 1.75, "8.75": 1.0, "8.875": 1.1875, "9.0": 1.0625, "9.125": 1.6875, "9.25": 1.890625, "9.375": 1.171875, "9.5": 1.09375, "9.625": 0.984375, "9.75": 0.875, "9.875": 0.953125, "10.0": 1.734375, "10.125": 0.9375, "10.25": 0.703125, "10.375": 0.59375, "10.5": 0.703125, "10.625": 0.65625, "10.75": 0.6875, "10.875": 0.828125, "11.0": 0.671875, "11.125": 0.5, "11.25": 0.875, "11.375": 0.734375, "11.5": 0.5, "11.625": 0.5, "11.75": 0.5, "11.875": 0.5, "12.0": 0.5, "12.125": 0.5, "12.25": 0.5, "12.375": 0.5, "12.5": 0.5, "12.625": 0.5, "12.75": 0.5, "12.875": 0.5, "13.0": 0.5, "13.125": 0.5, "13.25": 0.5, "13.375": 0.5, "13.5": 0.5, "13.625": 0.5, "13.75": 0.5, "13.875": 0.5, "14.0": 0.5, "14.125": 0.5, "14.25": 0.5, "14.375": 0.5, "14.5": 0.5, "14.625": 0.5, "14.75": 0.5, "14.875": 0.5, "15.0": 0.5}