{"0.083333336": 0.09375, "0.16666667": 0.103125, "0.25": 0.140625, "0.33333334": 0.1375, "0.41666666": 0.16875, "0.5": 0.20625, "0.5833333": 0.240625, "0.6666667": 0.265625, "0.75": 0.3, "0.8333333": 0.35, "0.9166667": 0.45625, "1.0": 0.446875, "1.0833334": 0.609375, "1.1666666": 0.65625, "1.25": 0.796875, "1.3333334": 1.025, "1.4166666": 1.296875, "1.5": 1.390625, "1.5833334": 2.034375, "1.6666666": 2.9125, "1.75": 2.978125, "1.8333334": 4.228125, "1.9166666": 5.996875, "2.0": 10.775, "2.0833333": 13.009375, "2.1666667": 22.15625, "2.25": 22.721875, "2.3333333": 28.35625, "2.4166667": 43.159375, "2.5": 79.975, "2.5833333": 83.303125, "2.6666667": 135.440625, "2.75": 248.4375, "2.8333333": 328.078125, "2.9166667": 514.159375, "3.0": 780.903125, "3.0833333": 1062.84375, "3.1666667": 1410.515625, "3.25": 2084.340625, "3.3333333": 2714.953125, "3.4166667": 2938.18125, "3.5": 3081.89375, "3.5833333": 2842.34375, "3.6666667": 3125.03125, "3.75": 3125.03125, "3.8333333": 3042.9515625, "3.9166667": 3125.03125, "4.0": 3125.03125, "4.0833335": 3076.5640625, "4.1666665": 2982.3296875, "4.25": 3100.1796875, "4.3333335": 3043.6125, "4.4166665": 2788.6046875, "4.5": 2546.3296875, "4.5833335": 2848.021875, "4.6666665": 2818.7125, "4.75": 2595.496875, "4.8333335": 2705.484375, "4.9166665": 2714.56875, "5.0": 2845.9234375, "5.0833335": 2640.5875, "5.1666665": 2407.140625, "5.25": 2863.4171875, "5.3333335": 2571.4140625, "5.4166665": 2694.0796875, "5.5": 2127.3578125, "5.5833335": 2309.921875, "5.6666665": 2641.2859375, "5.75": 2231.5078125, "5.8333335": 2452.725, "5.9166665": 1681.5921875, "6.0": 2173.3171875, "6.0833335": 2103.4375, "6.1666665": 1993.8859375, "6.25": 1426.2234375, "6.3333335": 2046.26875, "6.4166665": 1933.3875, "6.5": 1847.3640625, "6.5833335": 1601.675, "6.6666665": 1923.8015625, "6.75": 1162.41875, "6.8333335": 1433.628125, "6.9166665": 1232.421875, "7.0": 1476.640625, "7.0833335": 1152.7875, "7.1666665": 1339.821875, "7.25": 1057.4453125, "7.3333335": 1408.525, "7.4166665": 1423.3765625, "7.5": 1059.45, "7.5833335": 1411.9546875, "7.6666665": 1244.3765625, "7.75": 446.8734375, "7.8333335": 1426.0875, "7.9166665": 1053.7625, "8.0": 1075.98125, "8.083333": 1034.2921875, "8.166667": 1116.7984375, "8.25": 807.9125, "8.333333": 1344.803125, "8.416667": 769.6703125, "8.5": 464.3046875, "8.583333": 936.025, "8.666667": 221.821875, "8.75": 558.8265625, "8.833333": 1067.8171875, "8.916667": 703.825, "9.0": 388.1328125, "9.083333": 461.553125, "9.166667": 792.8234375, "9.25": 431.7796875, "9.333333": 402.996875, "9.416667": 467.1890625, "9.5": 705.1859375, "9.583333": 250.9453125, "9.666667": 391.4703125, "9.75": 383.521875, "9.833333": 510.2921875, "9.916667": 643.8578125, "10.0": 23.240625, "10.083333": 506.8390625, "10.166667": 461.96875, "10.25": 345.621875, "10.333333": 108.1875, "10.416667": 145.8421875, "10.5": 161.6890625, "10.583333": 419.3078125, "10.666667": 25.05, "10.75": 167.2296875, "10.833333": 51.5265625, "10.916667": 67.8421875, "11.0": 227.728125, "11.083333": 318.028125, "11.166667": 52.13125, "11.25": 192.65, "11.333333": 164.765625, "11.416667": 14.6984375, "11.5": 19.9359375, "11.583333": 32.871875, "11.666667": 27.625, "11.75": 291.6625, "11.833333": 323.6953125, "11.916667": 4.3765625, "12.0": 166.1703125, "12.083333": 52.0671875, "12.166667": 313.140625, "12.25": 39.2890625, "12.333333": 13.975, "12.416667": 14.0890625, "12.5": 11.396875, "12.583333": 211.6765625, "12.666667": 7.803125, "12.75": 177.471875, "12.833333": 4.13125, "12.916667": 18.1609375, "13.0": 158.528125, "13.083333": 159.3140625, "13.166667": 78.075, "13.25": 5.921875, "13.333333": 11.3890625, "13.416667": 3.221875, "13.5": 23.509375, "13.583333": 6.1640625, "13.666667": 43.5046875, "13.75": 7.5296875, "13.833333": 3.0515625, "13.916667": 4.003125, "14.0": 21.2421875, "14.083333": 5.0625, "14.166667": 4.7609375, "14.25": 15.9671875, "14.333333": 12.6109375, "14.416667": 35.8125, "14.5": 1.5, "14.583333": 3.3484375, "14.666667": 15.384375, "14.75": 3.584375, "14.833333": 4.2890625, "14.916667": 3.8140625, "15.0": 1.1625, "15.083333": 1.4046875, "15.166667": 1.54375, "15.25": 6.253125, "15.333333": 1.0921875, "15.416667": 1.83125, "15.5": 1.5296875, "15.583333": 2.0, "15.666667": 9.346875, "15.75": 1.88125, "15.833333": 2.0859375, "15.916667": 1.8046875, "16.0": 1.9984375, "16.083334": 1.0828125, "16.166666": 1.2578125, "16.25": 1.6828125, "16.333334": 1.24375, "16.416666": 8.0515625, "16.5": 1.05, "16.583334": 1.228125, "16.666666": 2.734375, "16.75": 1.178125, "16.833334": 0.9921875, "16.916666": 1.1328125, "17.0": 0.840625, "17.083334": 1.46875, "17.166666": 2.89375, "17.25": 13.54375, "17.333334": 1.69375, "17.416666": 4.3203125, "17.5": 0.9609375, "17.583334": 0.9578125, "17.666666": 0.90625, "17.75": 1.31875, "17.833334": 1.1, "17.916666": 0.8625, "18.0": 1.0859375, "18.083334": 0.9328125, "18.166666": 1.7171875, "18.25": 0.9359375, "18.333334": 1.575, "18.416666": 0.8390625, "18.5": 0.803125, "18.583334": 0.8015625, "18.666666": 0.80625, "18.75": 0.8671875, "18.833334": 0.946875, "18.916666": 0.796875, "19.0": 1.0390625, "19.083334": 0.8125, "19.166666": 0.7578125, "19.25": 0.778125, "19.333334": 0.7953125, "19.416666": 0.759375, "19.5": 0.7578125, "19.583334": 0.75, "19.666666": 0.7859375, "19.75": 0.7765625, "19.833334": 0.9625, "19.916666": 0.7859375, "20.0": 0.759375, "20.083334": 0.76875, "20.166666": 0.75, "20.25": 0.778125, "20.333334": 0.7671875, "20.416666": 0.76875, "20.5": 0.80625, "20.583334": 0.75, "20.666666": 0.759375, "20.75": 0.75, "20.833334": 0.75, "20.916666": 0.75, "21.0": 0.778125, "21.083334": 0.759375, "21.166666": 0.75, "21.25": 0.76875, "21.333334": 0.76875, "21.416666": 0.75, "21.5": 0.75, "21.583334": 0.75, "21.666666": 0.75, "21.75": 0.75, "21.833334": 0.75, "21.916666": 0.75, "22.0": 0.75, "22.083334": 0.75, "22.166666": 0.75, "22.25": 0.75, "22.333334": 0.75, "22.416666": 0.75, "22.5": 0.75, "22.583334": 0.75, "22.666666": 0.75, "22.75": 0.75, "22.833334": 0.75, "22.916666": 0.75, "23.0": 0.75}