{"1.6875": 2.5625, "14.0625": 3.1875, "10.1875": 124.328125, "8.1875": 3125.03125, "28.625": 1.0, "17.1875": 2.265625, "8.25": 875.21875, "24.0625": 1.1875, "18.25": 1.734375, "30.375": 1.0, "24.5": 1.0, "5.6875": 3125.03125, "6.0": 3125.03125, "20.5625": 1.1875, "9.0": 2304.625, "24.375": 1.0, "9.0625": 2125.015625, "7.9375": 3125.03125, "11.375": 52.1875, "20.125": 1.375, "19.8125": 1.515625, "7.5": 3125.03125, "3.4375": 3125.03125, "7.75": 3125.03125, "26.9375": 1.0, "21.3125": 1.0, "15.4375": 6.4375, "30.5": 1.0, "18.1875": 1.34375, "3.75": 3125.03125, "1.875": 4.40625, "28.5625": 1.0, "10.875": 101.015625, "2.9375": 3125.03125, "19.25": 1.65625, "25.5": 1.0, "17.75": 1.8125, "25.8125": 1.078125, "27.5625": 1.0, "12.875": 3.921875, "6.5625": 3125.03125, "23.875": 1.171875, "28.3125": 1.0, "13.8125": 7.28125, "7.8125": 2421.234375, "29.8125": 1.0, "30.875": 1.0, "9.375": 511.8125, "7.625": 3125.03125, "29.125": 1.0, "27.0": 1.0, "7.125": 3125.03125, "4.6875": 3125.03125, "2.625": 1219.875, "10.75": 574.421875, "13.4375": 6.84375, "13.0": 14.140625, "29.5625": 1.0, "30.4375": 1.0, "12.6875": 37.125, "11.5": 62.6875, "29.5": 1.0, "13.5625": 2.25, "5.75": 3125.03125, "18.875": 2.390625, "29.0": 1.0, "19.6875": 1.25, "6.375": 3125.03125, "20.875": 1.453125, "5.5625": 3125.03125, "20.6875": 1.1875, "14.75": 4.015625, "16.25": 3.53125, "4.0": 3125.03125, "17.4375": 1.890625, "17.0625": 3.515625, "1.8125": 7.125, "14.25": 7.078125, "0.9375": 0.09375, "4.25": 3125.03125, "17.375": 1.625, "26.1875": 1.0, "5.25": 3125.03125, "29.9375": 1.0, "21.1875": 1.15625, "9.8125": 2713.703125, "9.625": 542.4375, "12.625": 28.15625, "17.125": 1.453125, "21.75": 1.5625, "18.625": 1.0, "10.3125": 55.453125, "7.5625": 3125.03125, "16.625": 1.921875, "3.25": 3125.03125, "20.8125": 1.359375, "29.25": 1.0, "10.25": 944.5625, "30.3125": 1.0, "5.5": 3125.03125, "28.6875": 1.0, "9.6875": 224.03125, "7.4375": 3125.03125, "22.6875": 1.1875, "17.0": 2.71875, "21.0625": 1.0, "25.375": 1.0, "12.125": 5.5625, "23.6875": 1.0, "14.125": 7.09375, "10.125": 71.9375, "24.25": 1.0, "19.5": 1.203125, "31.0": 1.0, "20.4375": 1.234375, "8.4375": 528.53125, "11.8125": 23.28125, "23.3125": 1.171875, "30.75": 1.0, "2.375": 213.0625, "25.3125": 1.0, "28.9375": 1.0, "18.8125": 1.375, "19.625": 1.09375, "26.75": 1.0, "20.1875": 1.1875, "25.625": 1.0, "4.75": 3125.03125, "24.1875": 1.0, "18.5625": 1.21875, "30.6875": 1.0, "11.3125": 38.0625, "8.9375": 215.484375, "18.125": 2.015625, "1.5625": 2.3125, "21.8125": 1.1875, "30.25": 1.0, "11.0": 172.859375, "24.3125": 1.078125, "20.3125": 1.5625, "15.125": 2.125, "15.375": 4.90625, "20.5": 1.296875, "12.9375": 8.96875, "20.25": 1.421875, "22.0625": 1.15625, "22.625": 1.0, "11.0625": 61.0, "16.9375": 3.296875, "26.5625": 1.0, "28.875": 1.0, "23.625": 1.0, "20.75": 1.859375, "13.25": 20.125, "27.875": 1.0, "24.75": 1.15625, "10.6875": 116.46875, "25.6875": 1.0, "6.0625": 3125.03125, "3.5625": 3125.03125, "17.5625": 1.515625, "26.8125": 1.0, "11.6875": 36.4375, "28.25": 1.0, "26.3125": 1.0, "11.25": 51.546875, "6.8125": 3125.03125, "2.0625": 29.0625, "18.9375": 1.734375, "4.3125": 3125.03125, "15.875": 1.546875, "22.8125": 1.15625, "13.6875": 3.015625, "5.4375": 3125.03125, "30.125": 1.0, "24.4375": 1.0, "10.8125": 97.6875, "9.3125": 1259.359375, "26.125": 1.0, "26.375": 1.0, "5.9375": 3125.03125, "13.5": 6.140625, "0.75": 0.15625, "24.125": 1.0, "15.9375": 4.046875, "19.4375": 1.234375, "4.125": 3125.03125, "1.0": 0.09375, "22.3125": 1.375, "26.0": 1.0, "26.0625": 1.0, "3.875": 3125.03125, "12.75": 97.875, "15.6875": 1.796875, "27.9375": 1.0, "15.3125": 2.875, "16.375": 3.15625, "5.375": 3125.03125, "1.5": 1.78125, "6.125": 3125.03125, "24.5625": 1.0, "23.25": 1.0, "10.375": 144.96875, "12.375": 16.453125, "0.25": 0.03125, "26.5": 1.0, "9.1875": 935.46875, "30.1875": 1.0, "4.0625": 3125.03125, "15.0": 3.65625, "13.9375": 10.90625, "29.75": 1.0, "6.1875": 3125.03125, "12.1875": 42.546875, "25.0625": 1.0, "27.25": 1.0, "29.4375": 1.0, "2.6875": 1644.65625, "4.875": 3125.03125, "8.5625": 295.25, "25.75": 1.0, "23.5625": 1.078125, "8.875": 2921.71875, "9.875": 329.234375, "12.3125": 9.15625, "18.0": 2.625, "27.3125": 1.0, "0.375": 0.03125, "21.9375": 1.3125, "19.375": 1.78125, "4.8125": 3125.03125, "11.4375": 41.09375, "29.0625": 1.0, "1.3125": 0.375, "7.0": 3125.03125, "24.625": 1.078125, "16.8125": 2.875, "5.0": 3125.03125, "13.3125": 5.03125, "6.625": 3125.03125, "12.25": 12.5625, "11.75": 17.53125, "30.0625": 1.0, "25.125": 1.0, "2.8125": 3125.03125, "17.625": 2.8125, "15.5625": 3.921875, "24.6875": 1.078125, "14.375": 9.65625, "23.1875": 1.1875, "1.75": 3.625, "24.9375": 1.0, "2.125": 42.34375, "22.375": 1.09375, "19.875": 1.1875, "28.4375": 1.0, "2.75": 1952.21875, "14.625": 6.015625, "8.375": 3125.03125, "0.0625": 0.03125, "20.375": 1.484375, "11.5625": 17.703125, "16.75": 2.71875, "15.5": 2.078125, "3.5": 3125.03125, "2.875": 3125.03125, "2.1875": 66.53125, "14.3125": 4.9375, "2.0": 20.78125, "25.25": 1.0, "8.6875": 449.546875, "1.125": 0.375, "26.4375": 1.0, "3.9375": 3125.03125, "21.4375": 1.5625, "11.875": 78.921875, "22.875": 1.171875, "10.625": 52.390625, "28.8125": 1.0, "0.8125": 0.03125, "28.5": 1.0, "22.5625": 1.0, "19.5625": 1.1875, "3.0625": 3125.03125, "5.1875": 3125.03125, "11.9375": 12.984375, "19.3125": 1.328125, "29.1875": 1.0, "7.3125": 3125.03125, "23.0": 1.0, "26.6875": 1.0, "23.5": 1.0, "18.375": 2.03125, "27.0625": 1.0, "14.5625": 6.875, "15.0625": 6.03125, "10.0": 374.46875, "16.125": 4.9375, "18.4375": 1.765625, "7.6875": 3125.03125, "22.25": 1.375, "25.875": 1.0, "11.125": 55.0625, "14.1875": 13.28125, "6.25": 3125.03125, "13.875": 3.109375, "13.375": 11.71875, "22.125": 1.421875, "29.625": 1.0, "25.5625": 1.0, "9.5625": 708.453125, "20.9375": 1.1875, "15.1875": 18.640625, "8.0": 1714.984375, "18.0625": 1.765625, "1.9375": 12.28125, "16.875": 2.796875, "21.6875": 1.078125, "16.1875": 1.6875, "21.0": 1.203125, "25.0": 1.0, "12.5": 18.40625, "7.0625": 3125.03125, "23.9375": 1.078125, "3.625": 3125.03125, "11.625": 32.96875, "21.25": 1.0, "8.125": 3125.03125, "12.4375": 4.5, "14.5": 4.0, "19.75": 1.328125, "18.5": 1.65625, "28.1875": 1.0, "6.875": 3125.03125, "22.4375": 1.1875, "19.125": 1.3125, "16.5": 3.328125, "2.3125": 135.65625, "28.0625": 1.0, "22.9375": 1.0, "15.8125": 3.625, "16.3125": 3.34375, "17.6875": 2.75, "19.1875": 1.21875, "12.0625": 15.90625, "3.3125": 3125.03125, "5.3125": 3125.03125, "25.4375": 1.0, "1.375": 0.40625, "15.25": 7.234375, "27.6875": 1.0, "3.0": 3125.03125, "28.375": 1.0, "4.625": 3125.03125, "17.8125": 1.8125, "3.8125": 3125.03125, "6.5": 3125.03125, "7.25": 3125.03125, "17.875": 1.953125, "9.4375": 381.65625, "24.8125": 1.0, "19.9375": 2.21875, "6.3125": 3125.03125, "1.0625": 0.125, "3.125": 3125.03125, "0.125": 0.03125, "26.625": 1.0, "12.8125": 14.375, "4.5": 3125.03125, "22.5": 1.15625, "8.0625": 3125.03125, "23.75": 1.1875, "5.125": 3125.03125, "11.1875": 61.421875, "29.3125": 1.0, "12.0": 34.609375, "23.8125": 1.0, "29.6875": 1.0, "29.375": 1.0, "9.75": 131.15625, "30.9375": 1.0, "30.625": 1.0, "16.4375": 1.6875, "0.625": 0.03125, "20.0": 1.375, "22.75": 1.078125, "13.0625": 11.703125, "27.375": 1.0, "30.0": 1.0, "14.8125": 4.859375, "2.5": 472.6875, "8.8125": 3125.03125, "18.3125": 1.625, "4.1875": 3125.03125, "4.4375": 3125.03125, "26.25": 1.0, "10.4375": 347.53125, "21.875": 1.0, "1.1875": 0.25, "30.5625": 1.0, "20.625": 1.328125, "27.125": 1.0, "6.6875": 3125.03125, "9.25": 1920.328125, "2.4375": 181.6875, "23.375": 1.171875, "10.5": 196.921875, "27.5": 1.0, "23.125": 1.0, "16.6875": 4.875, "21.125": 1.21875, "3.6875": 3125.03125, "5.625": 3125.03125, "0.1875": 0.03125, "2.25": 67.21875, "4.375": 3125.03125, "14.9375": 1.875, "1.4375": 0.9375, "21.5": 1.1875, "27.1875": 1.0, "25.9375": 1.0, "21.625": 1.28125, "27.8125": 1.0, "6.75": 3125.03125, "24.875": 1.0, "4.5625": 3125.03125, "14.4375": 3.703125, "9.125": 521.328125, "28.75": 1.0, "24.0": 1.0, "23.0625": 1.0, "8.75": 2388.65625,