{"1.6875": 2.746875, "14.0625": 29.9203125, "10.1875": 899.365625, "8.1875": 2155.0921875, "28.625": 1.0484375, "17.1875": 7.690625, "8.25": 1427.365625, "24.0625": 2.3125, "18.25": 117.6359375, "30.375": 1.0078125, "24.5": 2.3921875, "5.6875": 2889.3484375, "6.0": 2969.0234375, "20.5625": 17.128125, "9.0": 1783.0015625, "24.375": 1.1953125, "9.0625": 1665.1640625, "7.9375": 2094.6234375, "11.375": 742.3453125, "20.125": 2.1421875, "19.8125": 11.5703125, "7.5": 2423.8375, "3.4375": 3125.03125, "7.75": 2090.5921875, "26.9375": 1.115625, "21.3125": 5.1109375, "15.4375": 241.1078125, "30.5": 1.0, "18.1875": 34.2734375, "3.75": 2968.78125, "1.875": 9.2125, "28.5625": 1.08125, "10.875": 624.2, "2.9375": 2753.853125, "19.25": 3.5953125, "25.5": 2.0078125, "17.75": 318.165625, "25.8125": 1.7203125, "27.5625": 1.075, "12.875": 224.43125, "6.5625": 2706.7015625, "23.875": 1.2078125, "28.3125": 1.059375, "13.8125": 481.0, "7.8125": 1840.659375, "29.8125": 1.0453125, "30.875": 1.009375, "9.375": 1266.8265625, "7.625": 2119.0984375, "29.125": 1.0109375, "27.0": 1.115625, "7.125": 2781.2078125, "4.6875": 3125.03125, "2.625": 1252.89375, "10.75": 1474.321875, "13.4375": 839.6203125, "13.0": 208.915625, "29.5625": 1.028125, "30.4375": 1.0, "12.6875": 614.1859375, "11.5": 267.8890625, "29.5": 1.0078125, "13.5625": 187.996875, "5.75": 3125.03125, "18.875": 6.4828125, "29.0": 1.0453125, "19.6875": 1.646875, "6.375": 2827.53125, "20.875": 2.0640625, "5.5625": 3107.625, "20.6875": 1.7828125, "14.75": 284.590625, "16.25": 21.471875, "4.0": 3125.03125, "17.4375": 16.646875, "17.0625": 10.0328125, "1.8125": 10.240625, "14.25": 170.3890625, "0.9375": 0.1625, "4.25": 3125.03125, "17.375": 14.3953125, "26.1875": 1.140625, "5.25": 3008.396875, "29.9375": 1.0171875, "21.1875": 2.1375, "9.8125": 1693.503125, "9.625": 1304.3734375, "12.625": 830.984375, "17.125": 11.5890625, "21.75": 4.396875, "18.625": 23.640625, "10.3125": 1049.4890625, "7.5625": 2205.0625, "16.625": 76.4953125, "3.25": 3125.03125, "20.8125": 1.46875, "29.25": 1.0171875, "10.25": 1519.68125, "30.3125": 1.015625, "5.5": 2877.384375, "28.6875": 1.0546875, "9.6875": 1286.1171875, "7.4375": 2172.5421875, "22.6875": 1.4515625, "17.0": 334.340625, "21.0625": 1.5140625, "25.375": 1.065625, "12.125": 547.2890625, "23.6875": 1.3546875, "14.125": 172.2046875, "10.125": 966.7984375, "24.25": 1.2125, "19.5": 2.2328125, "31.0": 1.0, "20.4375": 1.603125, "8.4375": 1382.484375, "11.8125": 453.225, "23.3125": 1.571875, "30.75": 1.0, "2.375": 248.359375, "25.3125": 1.0375, "28.9375": 1.0359375, "18.8125": 3.365625, "19.625": 2.515625, "26.75": 1.0265625, "20.1875": 2.1015625, "25.625": 2.5265625, "4.75": 3125.03125, "24.1875": 3.659375, "18.5625": 159.35625, "30.6875": 1.0, "11.3125": 938.9859375, "8.9375": 1131.115625, "18.125": 2.8375, "1.5625": 3.759375, "21.8125": 148.74375, "30.25": 1.009375, "11.0": 1300.46875, "24.3125": 1.7078125, "20.3125": 2.128125, "15.125": 47.9765625, "15.375": 466.171875, "20.5": 4.1015625, "12.9375": 203.3265625, "20.25": 2.9578125, "22.0625": 1.8703125, "22.625": 1.3640625, "11.0625": 617.721875, "16.9375": 9.653125, "26.5625": 1.2375, "28.875": 1.1359375, "23.625": 1.3125, "20.75": 4.1953125, "13.25": 288.30625, "27.875": 1.04375, "24.75": 1.375, "10.6875": 841.9703125, "25.6875": 1.1234375, "6.0625": 2843.9671875, "3.5625": 3125.03125, "17.5625": 172.953125, "26.8125": 1.0328125, "11.6875": 543.4578125, "28.25": 1.0453125, "26.3125": 1.096875, "11.25": 1099.2515625, "6.8125": 2785.93125, "2.0625": 37.9625, "18.9375": 314.621875, "4.3125": 3125.03125, "15.875": 188.9953125, "22.8125": 1.4453125, "13.6875": 342.6265625, "5.4375": 3090.0390625, "30.125": 1.009375, "24.4375": 4.375, "10.8125": 789.55625, "9.3125": 1530.378125, "26.125": 1.1, "26.375": 1.115625, "5.9375": 3069.3921875, "13.5": 340.6953125, "0.75": 0.215625, "24.125": 1.1890625, "15.9375": 190.0765625, "19.4375": 2.14375, "4.125": 3125.03125, "1.0": 0.253125, "22.3125": 1.7140625, "26.0": 1.1171875, "26.0625": 1.1359375, "3.875": 3125.03125, "12.75": 560.4046875, "15.6875": 7.1609375, "27.9375": 1.0515625, "15.3125": 13.3984375, "16.375": 132.015625, "5.375": 3125.03125, "1.5": 2.428125, "6.125": 2544.8078125, "24.5625": 1.1875, "23.25": 1.340625, "10.375": 1172.4671875, "12.375": 421.3734375, "0.25": 0.046875, "26.5": 1.1296875, "9.1875": 1464.05625, "30.1875": 1.0203125, "4.0625": 2968.78125, "15.0": 15.7953125, "13.9375": 266.5890625, "29.75": 1.0, "6.1875": 3023.290625, "12.1875": 667.659375, "25.0625": 1.0359375, "27.25": 1.078125, "29.4375": 1.0375, "2.6875": 1748.521875, "4.875": 2846.95, "8.5625": 1328.7375, "25.75": 1.090625, "23.5625": 1.5328125, "8.875": 1743.25, "9.875": 1047.159375, "12.3125": 563.7140625, "18.0": 242.4609375, "27.3125": 1.090625, "0.375": 0.05625, "21.9375": 1.7515625, "19.375": 86.675, "4.8125": 3125.03125, "11.4375": 862.4296875, "29.0625": 1.034375, "1.3125": 0.778125, "7.0": 2513.2734375, "24.625": 1.1640625, "16.8125": 96.6265625, "5.0": 3125.03125, "13.3125": 402.134375, "6.625": 2710.4578125, "12.25": 374.125, "11.75": 408.5984375, "30.0625": 1.0, "25.125": 1.4625, "2.8125": 2721.16875, "17.625": 6.96875, "15.5625": 63.6109375, "24.6875": 1.74375, "14.375": 75.7484375, "23.1875": 1.5484375, "1.75": 4.525, "24.9375": 1.35625, "2.125": 38.309375, "22.375": 1.5296875, "19.875": 1.8265625, "28.4375": 1.0296875, "2.75": 1943.88125, "14.625": 31.45625, "8.375": 2293.0921875, "0.0625": 0.040625, "20.375": 1.6015625, "11.5625": 633.4703125, "16.75": 23.4640625, "15.5": 26.925, "3.5": 2968.78125, "2.875": 2788.8875, "2.1875": 70.8875, "14.3125": 281.9515625, "2.0": 24.9875, "25.25": 1.1375, "8.6875": 1371.8359375, "1.125": 0.396875, "26.4375": 1.04375, "3.9375": 3125.03125, "21.4375": 3.26875, "11.875": 717.78125, "22.875": 1.334375, "10.625": 941.7921875, "28.8125": 1.0078125, "0.8125": 0.140625, "28.5": 1.0171875, "22.5625": 1.6453125, "19.5625": 4.53125, "3.0625": 3125.03125, "5.1875": 3047.0125, "11.9375": 650.190625, "19.3125": 2.1171875, "29.1875": 1.0, "7.3125": 2355.925, "23.0": 1.153125, "26.6875": 1.0765625, "23.5": 10.3125, "18.375": 7.796875, "27.0625": 1.009375, "14.5625": 227.028125, "15.0625": 100.21875, "10.0": 1209.653125, "16.125": 92.6984375, "18.4375": 3.5484375, "7.6875": 2421.6421875, "22.25": 4.153125, "25.875": 1.034375, "11.125": 1002.1515625, "14.1875": 236.984375, "6.25": 2977.35, "13.875": 210.7953125, "13.375": 92.5140625, "22.125": 1.49375, "29.625": 1.028125, "25.5625": 1.2703125, "9.5625": 1404.9421875, "20.9375": 3.1640625, "15.1875": 378.6921875, "8.0": 1608.3765625, "18.0625": 29.9421875, "1.9375": 13.853125, "16.875": 20.3421875, "21.6875": 16.1703125, "16.1875": 3.8203125, "21.0": 1.4046875, "25.0": 1.321875, "12.5": 679.9828125, "7.0625": 2100.5953125, "23.9375": 1.4078125, "3.625": 2968.78125, "11.625": 658.95625, "21.25": 1.29375, "8.125": 2136.75625, "12.4375": 195.0328125, "14.5": 43.8265625, "19.75": 4.4140625, "18.5": 3.203125, "28.1875": 1.034375, "6.875": 2638.1578125, "22.4375": 1.4046875, "19.125": 3.275, "16.5": 88.921875, "2.3125": 146.246875, "28.0625": 1.0375, "22.9375": 1.1484375, "15.8125": 189.9671875, "16.3125": 170.0515625, "17.6875": 4.921875, "19.1875": 2.246875, "12.0625": 594.175, "3.3125": 3125.03125, "5.3125": 2977.51875, "25.4375": 1.1796875, "1.375": 0.978125, "15.25": 53.096875, "27.6875": 1.071875, "3.0": 2968.784375, "28.375": 1.028125, "4.625": 3125.03125, "17.8125": 3.259375, "3.8125": 2968.78125, "6.5": 2445.2046875, "7.25": 2524.1484375, "17.875": 2.9421875, "9.4375": 1175.146875, "24.8125": 1.609375, "19.9375": 20.2890625, "6.3125": 2799.9484375, "1.0625": 0.246875, "3.125": 2968.78125, "0.125": 0.04375, "26.625": 1.025, "12.8125": 597.9875, "4.5": 2968.78125, "22.5": 1.378125, "8.0625": 2408.15, "23.75": 1.8109375, "5.125": 2977.3671875, "11.1875": 562.04375, "29.3125": 1.0375, "12.0": 543.659375, "23.8125": 14.19375, "29.6875": 1.0, "29.375": 1.015625, "9.75": 894.7375, "30.9375": 1.0, "30.625": 1.0078125, "16.4375": 9.06875,