{"0.083333336": 0.03125, "0.16666667": 0.03125, "0.25": 0.03125, "0.33333334": 0.03125, "0.41666666": 0.03125, "0.5": 0.03125, "0.5833333": 0.03125, "0.6666667": 0.03125, "0.75": 0.03125, "0.8333333": 0.03125, "0.9166667": 0.03125, "1.0": 0.03125, "1.0833334": 0.03125, "1.1666666": 0.03125, "1.25": 0.03125, "1.3333334": 0.03125, "1.4166666": 0.03125, "1.5": 0.03125, "1.5833334": 0.03125, "1.6666666": 0.03125, "1.75": 0.03125, "1.8333334": 0.03125, "1.9166666": 0.03125, "2.0": 0.03125, "2.0833333": 0.03125, "2.1666667": 0.03125, "2.25": 0.03125, "2.3333333": 0.03125, "2.4166667": 0.03125, "2.5": 0.03125, "2.5833333": 0.03125, "2.6666667": 0.03125, "2.75": 0.03125, "2.8333333": 0.03125, "2.9166667": 0.03125, "3.0": 0.03125, "3.0833333": 0.03125, "3.1666667": 0.03125, "3.25": 0.03125, "3.3333333": 0.03125, "3.4166667": 0.03125, "3.5": 0.03125, "3.5833333": 0.109375, "3.6666667": 0.03125, "3.75": 0.03125, "3.8333333": 0.1125, "3.9166667": 0.29375, "4.0": 0.065625, "4.0833335": 0.278125, "4.1666665": 0.275, "4.25": 0.184375, "4.3333335": 0.665625, "4.4166665": 0.390625, "4.5": 0.446875, "4.5833335": 0.31875, "4.6666665": 0.178125, "4.75": 0.478125, "4.8333335": 0.803125, "4.9166665": 0.559375, "5.0": 0.61875, "5.0833335": 0.53125, "5.1666665": 0.940625, "5.25": 1.15, "5.3333335": 0.8, "5.4166665": 0.628125, "5.5": 0.771875, "5.5833335": 2.23125, "5.6666665": 0.940625, "5.75": 0.775, "5.8333335": 0.5125, "5.9166665": 0.6125, "6.0": 0.890625, "6.0833335": 0.6875, "6.1666665": 1.003125, "6.25": 0.76875, "6.3333335": 0.684375, "6.4166665": 1.25625, "6.5": 1.225, "6.5833335": 0.821875, "6.6666665": 1.33125, "6.75": 1.26875, "6.8333335": 1.0125, "6.9166665": 0.759375, "7.0": 0.8875, "7.0833335": 0.75, "7.1666665": 1.36875, "7.25": 0.778125, "7.3333335": 1.7125, "7.4166665": 6.1625, "7.5": 0.76875, "7.5833335": 0.71875, "7.6666665": 1.321875, "7.75": 0.978125, "7.8333335": 0.925, "7.9166665": 1.7125, "8.0": 1.01875, "8.083333": 0.778125, "8.166667": 0.753125, "8.25": 0.8125, "8.333333": 0.903125, "8.416667": 0.890625, "8.5": 0.8125, "8.583333": 0.746875, "8.666667": 0.8, "8.75": 0.809375, "8.833333": 0.9375, "8.916667": 0.778125, "9.0": 1.178125, "9.083333": 0.784375, "9.166667": 0.934375, "9.25": 0.790625, "9.333333": 0.840625, "9.416667": 0.8375, "9.5": 1.78125, "9.583333": 0.771875, "9.666667": 1.175, "9.75": 0.8625, "9.833333": 1.675, "9.916667": 0.96875, "10.0": 1.459375, "10.083333": 1.14375, "10.166667": 1.046875, "10.25": 0.803125, "10.333333": 0.8125, "10.416667": 0.8, "10.5": 0.828125, "10.583333": 0.7625, "10.666667": 0.95625, "10.75": 0.796875, "10.833333": 0.778125, "10.916667": 0.80625, "11.0": 0.75, "11.083333": 0.80625, "11.166667": 0.74375, "11.25": 0.75625, "11.333333": 0.790625, "11.416667": 0.809375, "11.5": 0.821875, "11.583333": 0.775, "11.666667": 0.8375, "11.75": 0.84375, "11.833333": 0.778125, "11.916667": 0.80625, "12.0": 0.784375, "12.083333": 0.809375, "12.166667": 0.759375, "12.25": 0.7625, "12.333333": 0.7875, "12.416667": 0.75, "12.5": 0.778125, "12.583333": 0.75, "12.666667": 0.86875, "12.75": 0.759375, "12.833333": 0.9, "12.916667": 0.728125, "13.0": 0.79375, "13.083333": 0.746875, "13.166667": 0.734375, "13.25": 0.74375, "13.333333": 0.7625, "13.416667": 0.753125, "13.5": 0.934375, "13.583333": 0.75, "13.666667": 0.7375, "13.75": 0.821875, "13.833333": 0.759375, "13.916667": 0.8375, "14.0": 0.765625, "14.083333": 0.765625, "14.166667": 0.78125, "14.25": 0.759375, "14.333333": 0.775, "14.416667": 0.7625, "14.5": 0.740625, "14.583333": 0.7375, "14.666667": 0.959375, "14.75": 0.784375, "14.833333": 0.75625, "14.916667": 0.865625, "15.0": 0.746875, "15.083333": 0.790625, "15.166667": 0.765625, "15.25": 0.746875, "15.333333": 0.7625, "15.416667": 0.765625, "15.5": 0.80625, "15.583333": 0.765625, "15.666667": 0.7375, "15.75": 0.765625, "15.833333": 0.8125, "15.916667": 0.740625, "16.0": 0.778125, "16.083334": 0.80625, "16.166666": 0.75, "16.25": 0.7375, "16.333334": 0.740625, "16.416666": 0.7625, "16.5": 0.80625, "16.583334": 0.78125, "16.666666": 0.75625, "16.75": 0.7375, "16.833334": 0.803125, "16.916666": 0.796875, "17.0": 0.73125, "17.083334": 0.728125, "17.166666": 0.7375, "17.25": 0.7375, "17.333334": 0.9, "17.416666": 0.73125, "17.5": 0.8625, "17.583334": 0.73125, "17.666666": 0.73125, "17.75": 0.83125, "17.833334": 0.753125, "17.916666": 0.759375, "18.0": 0.728125, "18.083334": 0.759375, "18.166666": 0.728125, "18.25": 0.728125, "18.333334": 0.79375, "18.416666": 0.73125, "18.5": 0.725, "18.583334": 0.728125, "18.666666": 0.734375, "18.75": 0.725, "18.833334": 0.728125, "18.916666": 0.71875, "19.0": 0.728125, "19.083334": 0.746875, "19.166666": 0.734375, "19.25": 0.721875, "19.333334": 0.746875, "19.416666": 0.721875, "19.5": 0.728125, "19.583334": 0.7375, "19.666666": 0.728125, "19.75": 0.7375, "19.833334": 0.728125, "19.916666": 0.734375, "20.0": 0.7375, "20.083334": 0.740625, "20.166666": 0.7375, "20.25": 0.71875, "20.333334": 0.728125, "20.416666": 0.73125, "20.5": 0.7375, "20.583334": 0.728125, "20.666666": 0.71875, "20.75": 0.721875, "20.833334": 0.74375, "20.916666": 0.721875, "21.0": 0.725, "21.083334": 0.725, "21.166666": 0.73125, "21.25": 0.721875, "21.333334": 0.721875, "21.416666": 0.725, "21.5": 0.728125, "21.583334": 0.728125, "21.666666": 0.725, "21.75": 0.725, "21.833334": 0.71875, "21.916666": 0.725, "22.0": 0.728125, "22.083334": 0.71875, "22.166666": 0.71875, "22.25": 0.71875, "22.333334": 0.71875, "22.416666": 0.71875, "22.5": 0.71875, "22.583334": 0.71875, "22.666666": 0.71875, "22.75": 0.71875, "22.833334": 0.71875, "22.916666": 0.71875, "23.0": 0.71875}