{"1.6875": 0.03125, "14.0625": 1.01875, "10.1875": 1.25, "8.1875": 1.16875, "28.625": 0.975, "17.1875": 0.996875, "8.25": 1.15, "24.0625": 0.978125, "18.25": 1.184375, "30.375": 0.96875, "24.5": 0.984375, "5.6875": 0.7, "6.0": 0.88125, "20.5625": 0.971875, "9.0": 1.15625, "24.375": 0.975, "9.0625": 1.04375, "7.9375": 1.0, "11.375": 1.11875, "20.125": 0.978125, "19.8125": 0.978125, "7.5": 2.23125, "3.4375": 0.03125, "7.75": 1.55, "26.9375": 0.975, "21.3125": 0.978125, "15.4375": 1.046875, "30.5": 0.96875, "18.1875": 0.996875, "3.75": 0.0875, "1.875": 0.03125, "28.5625": 0.96875, "10.875": 1.15625, "2.9375": 0.03125, "19.25": 1.028125, "25.5": 0.971875, "17.75": 1.00625, "25.8125": 0.975, "27.5625": 0.978125, "12.875": 1.00625, "6.5625": 1.515625, "23.875": 0.971875, "28.3125": 0.96875, "13.8125": 1.071875, "7.8125": 11.659375, "29.8125": 0.96875, "30.875": 0.96875, "9.375": 1.05625, "7.625": 0.95625, "29.125": 0.96875, "27.0": 0.96875, "7.125": 0.98125, "4.6875": 0.428125, "2.625": 0.03125, "10.75": 1.0625, "13.4375": 1.06875, "13.0": 1.184375, "29.5625": 0.971875, "30.4375": 0.96875, "12.6875": 1.0125, "11.5": 1.096875, "29.5": 0.96875, "13.5625": 1.01875, "5.75": 3.85, "18.875": 1.015625, "29.0": 0.971875, "19.6875": 1.053125, "6.375": 1.615625, "20.875": 0.98125, "5.5625": 0.815625, "20.6875": 0.971875, "14.75": 1.125, "16.25": 0.98125, "4.0": 0.03125, "17.4375": 0.99375, "17.0625": 1.028125, "1.8125": 0.03125, "14.25": 0.9875, "0.9375": 0.03125, "4.25": 0.196875, "17.375": 0.996875, "26.1875": 0.996875, "5.25": 0.803125, "29.9375": 0.971875, "21.1875": 0.978125, "9.8125": 1.0375, "9.625": 1.103125, "12.625": 1.25, "17.125": 0.984375, "21.75": 0.978125, "18.625": 1.028125, "10.3125": 1.003125, "7.5625": 1.25, "16.625": 0.971875, "3.25": 0.03125, "20.8125": 0.975, "29.25": 0.96875, "10.25": 1.065625, "30.3125": 0.971875, "5.5": 0.746875, "28.6875": 0.96875, "9.6875": 1.059375, "7.4375": 1.14375, "22.6875": 0.975, "17.0": 1.1125, "21.0625": 0.98125, "25.375": 0.978125, "12.125": 1.003125, "23.6875": 0.971875, "14.125": 1.08125, "10.125": 3.240625, "24.25": 0.98125, "19.5": 0.975, "31.0": 0.96875, "20.4375": 0.9875, "8.4375": 1.175, "11.8125": 1.015625, "23.3125": 0.98125, "30.75": 0.96875, "2.375": 0.03125, "25.3125": 0.978125, "28.9375": 0.971875, "18.8125": 1.05, "19.625": 0.978125, "26.75": 0.975, "20.1875": 0.984375, "25.625": 0.96875, "4.75": 0.553125, "24.1875": 0.975, "18.5625": 1.1, "30.6875": 0.971875, "11.3125": 1.040625, "8.9375": 5.290625, "18.125": 0.98125, "1.5625": 0.03125, "21.8125": 0.9875, "30.25": 0.971875, "11.0": 1.09375, "24.3125": 1.00625, "20.3125": 0.98125, "15.125": 1.05625, "15.375": 1.0, "20.5": 0.975, "12.9375": 1.06875, "20.25": 0.99375, "22.0625": 0.9875, "22.625": 0.98125, "11.0625": 1.10625, "16.9375": 0.975, "26.5625": 0.971875, "28.875": 0.96875, "23.625": 0.975, "20.75": 0.98125, "13.25": 1.0875, "27.875": 0.971875, "24.75": 0.98125, "10.6875": 1.253125, "25.6875": 0.975, "6.0625": 0.753125, "3.5625": 0.03125, "17.5625": 0.978125, "26.8125": 0.978125, "11.6875": 1.034375, "28.25": 0.96875, "26.3125": 0.971875, "11.25": 1.028125, "6.8125": 0.903125, "2.0625": 0.03125, "18.9375": 0.990625, "4.3125": 0.08125, "15.875": 1.00625, "22.8125": 0.975, "13.6875": 1.20625, "5.4375": 0.31875, "30.125": 0.971875, "24.4375": 1.00625, "10.8125": 1.14375, "9.3125": 1.2125, "26.125": 0.98125, "26.375": 0.971875, "5.9375": 1.040625, "13.5": 0.996875, "0.75": 0.03125, "24.125": 0.96875, "15.9375": 0.9875, "19.4375": 0.98125, "4.125": 0.165625, "1.0": 0.03125, "22.3125": 0.984375, "26.0": 0.978125, "26.0625": 0.971875, "3.875": 0.08125, "12.75": 1.0, "15.6875": 0.990625, "27.9375": 0.971875, "15.3125": 1.028125, "16.375": 0.9875, "5.375": 1.928125, "1.5": 0.03125, "6.125": 2.23125, "24.5625": 0.96875, "23.25": 0.96875, "10.375": 1.00625, "12.375": 1.0, "0.25": 0.03125, "26.5": 0.978125, "9.1875": 1.1125, "30.1875": 0.971875, "4.0625": 0.15, "15.0": 1.065625, "13.9375": 1.265625, "29.75": 0.975, "6.1875": 0.878125, "12.1875": 1.121875, "25.0625": 0.978125, "27.25": 0.99375, "29.4375": 0.96875, "2.6875": 0.03125, "4.875": 0.49375, "8.5625": 1.20625, "25.75": 0.9875, "23.5625": 0.971875, "8.875": 2.01875, "9.875": 1.946875, "12.3125": 1.10625, "18.0": 1.0125, "27.3125": 0.96875, "0.375": 0.03125, "21.9375": 0.9875, "19.375": 0.978125, "4.8125": 0.9375, "11.4375": 0.99375, "29.0625": 0.975, "1.3125": 0.03125, "7.0": 1.040625, "24.625": 0.978125, "16.8125": 0.996875, "5.0": 1.278125, "13.3125": 1.025, "6.625": 1.334375, "12.25": 1.009375, "11.75": 1.003125, "30.0625": 0.96875, "25.125": 0.978125, "2.8125": 0.03125, "17.625": 1.009375, "15.5625": 1.01875, "24.6875": 0.98125, "14.375": 1.0125, "23.1875": 0.971875, "1.75": 0.03125, "24.9375": 0.975, "2.125": 0.03125, "22.375": 0.9875, "19.875": 1.01875, "28.4375": 0.971875, "2.75": 0.03125, "14.625": 1.0875, "8.375": 1.25, "0.0625": 0.03125, "20.375": 1.0125, "11.5625": 1.025, "16.75": 1.034375, "15.5": 0.984375, "3.5": 0.03125, "2.875": 0.03125, "2.1875": 0.03125, "14.3125": 1.01875, "2.0": 0.03125, "25.25": 0.978125, "8.6875": 1.10625, "1.125": 0.03125, "26.4375": 0.978125, "3.9375": 0.03125, "21.4375": 1.0, "11.875": 1.00625, "22.875": 0.975, "10.625": 1.653125, "28.8125": 0.96875, "0.8125": 0.03125, "28.5": 0.96875, "22.5625": 0.99375, "19.5625": 0.990625, "3.0625": 0.03125, "5.1875": 0.425, "11.9375": 1.121875, "19.3125": 0.9875, "29.1875": 0.971875, "7.3125": 1.03125, "23.0": 1.0125, "26.6875": 0.98125, "23.5": 1.0125, "18.375": 1.00625, "27.0625": 0.975, "14.5625": 1.053125, "15.0625": 1.103125, "10.0": 1.2, "16.125": 0.984375, "18.4375": 0.978125, "7.6875": 1.046875, "22.25": 0.98125, "25.875": 0.984375, "11.125": 1.7625, "14.1875": 1.0125, "6.25": 0.8625, "13.875": 1.23125, "13.375": 1.109375, "22.125": 0.98125, "29.625": 0.96875, "25.5625": 0.978125, "9.5625": 1.04375, "20.9375": 0.990625, "15.1875": 1.090625, "8.0": 8.490625, "18.0625": 0.99375, "1.9375": 0.03125, "16.875": 1.003125, "21.6875": 1.053125, "16.1875": 1.003125, "21.0": 0.99375, "25.0": 0.9875, "12.5": 1.00625, "7.0625": 1.240625, "23.9375": 0.975, "3.625": 0.03125, "11.625": 1.0, "21.25": 1.00625, "8.125": 1.059375, "12.4375": 1.028125, "14.5": 1.034375, "19.75": 0.996875, "18.5": 1.009375, "28.1875": 0.971875, "6.875": 1.30625, "22.4375": 0.98125, "19.125": 1.00625, "16.5": 1.015625, "2.3125": 0.03125, "28.0625": 0.971875, "22.9375": 0.975, "15.8125": 1.003125, "16.3125": 1.0, "17.6875": 0.9875, "19.1875": 0.9875, "12.0625": 1.08125, "3.3125": 0.03125, "5.3125": 156.965625, "25.4375": 0.96875, "1.375": 0.03125, "15.25": 0.996875, "27.6875": 0.975, "3.0": 0.03125, "28.375": 0.971875, "4.625": 35.71875, "17.8125": 1.00625, "3.8125": 0.03125, "6.5": 1.078125, "7.25": 1.53125, "17.875": 1.00625, "9.4375": 0.99375, "24.8125": 1.021875, "19.9375": 1.003125, "6.3125": 45.9875, "1.0625": 0.03125, "3.125": 0.03125, "0.125": 0.03125, "26.625": 0.978125, "12.8125": 1.015625, "4.5": 0.178125, "22.5": 0.978125, "8.0625": 1.05625, "23.75": 0.984375, "5.125": 0.334375, "11.1875": 1.36875, "29.3125": 0.971875, "12.0": 1.146875, "23.8125": 1.071875, "29.6875": 0.96875, "29.375": 0.971875, "9.75": 1.25, "30.9375": 0.96875, "30.625": 0.96875, "16.4375": 1.0125, "0.625": 0.03125, "20.0": 0.996875, "22.75": 0.975, "13.0625": 1.0875, "27.375": 0.975, "30.0": 0.971875, "14.8125": 1.053125, "2.5": 0.03125, "8.8125": 8.021875, "18.3125": 0.971875, "4.1875": 0.234375, "4.4375": 0.50625, "26.25": 0.975, "10.4375": 1.334375, "21.875": 0.975, "1.1875": 0.03125, "30.5625": 0.96875, "20.625": 1.0875, "27.125": 0.971875, "6.6875": 1.19375, "9.25": 1.134375, "2.4375": 0.03125, "23.375": 0.96875, "10.5": 1.23125, "27.5": 0.978125, "23.125": 0.975, "16.6875": 0.98125, "21.125": 0.996875, "3.6875": 0.03125, "5.625": 4.003125, "0.1875": 0.03125, "2.25": 0.03125, "4.375": 0.2, "14.9375": 1.003125, "1.4375": 0.03125, "21.5": 0.9875, "27.1875": 0.96875, "25.9375": 0.975, "21.625": 0.978125, "27.8125": 0.96875, "6.75": 1.196875, "24.875": 0.990625,