{"0.125": 0.03125, "0.25": 0.03125, "0.375": 0.03125, "0.5": 0.03125, "0.625": 0.03125, "0.75": 0.03125, "0.875": 0.03125, "1.0": 0.03125, "1.125": 0.03125, "1.25": 0.03125, "1.375": 0.03125, "1.5": 0.03125, "1.625": 0.03125, "1.75": 0.03125, "1.875": 0.03125, "2.0": 0.03125, "2.125": 0.03125, "2.25": 0.03125, "2.375": 0.03125, "2.5": 0.03125, "2.625": 0.03125, "2.75": 0.03125, "2.875": 0.03125, "3.0": 0.03125, "3.125": 0.05625, "3.25": 0.03125, "3.375": 0.15, "3.5": 0.1, "3.625": 0.084375, "3.75": 0.03125, "3.875": 0.14375, "4.0": 0.20625, "4.125": 0.175, "4.25": 0.171875, "4.375": 0.246875, "4.5": 0.421875, "4.625": 0.359375, "4.75": 0.40625, "4.875": 0.41875, "5.0": 0.5125, "5.125": 0.5, "5.25": 0.546875, "5.375": 0.615625, "5.5": 0.5, "5.625": 1.059375, "5.75": 0.48125, "5.875": 0.56875, "6.0": 0.5, "6.125": 0.5375, "6.25": 0.4625, "6.375": 0.578125, "6.5": 0.5125, "6.625": 0.571875, "6.75": 0.546875, "6.875": 0.509375, "7.0": 0.503125, "7.125": 0.490625, "7.25": 0.5875, "7.375": 0.50625, "7.5": 1.2, "7.625": 0.528125, "7.75": 0.571875, "7.875": 0.490625, "8.0": 0.590625, "8.125": 0.5, "8.25": 0.51875, "8.375": 0.5375, "8.5": 0.490625, "8.625": 0.49375, "8.75": 0.503125, "8.875": 0.55, "9.0": 0.528125, "9.125": 0.5125, "9.25": 0.5, "9.375": 0.525, "9.5": 0.4875, "9.625": 0.534375, "9.75": 0.56875, "9.875": 0.5625, "10.0": 0.496875, "10.125": 0.5125, "10.25": 0.496875, "10.375": 0.509375, "10.5": 0.521875, "10.625": 0.475, "10.75": 0.475, "10.875": 0.4875, "11.0": 0.521875, "11.125": 0.4875, "11.25": 0.521875, "11.375": 0.49375, "11.5": 0.484375, "11.625": 0.5, "11.75": 0.496875, "11.875": 0.48125, "12.0": 0.521875, "12.125": 0.484375, "12.25": 0.478125, "12.375": 0.478125, "12.5": 0.4875, "12.625": 0.48125, "12.75": 0.49375, "12.875": 0.475, "13.0": 0.515625, "13.125": 0.478125, "13.25": 0.478125, "13.375": 0.475, "13.5": 0.475, "13.625": 0.475, "13.75": 0.471875, "13.875": 0.478125, "14.0": 0.475, "14.125": 0.471875, "14.25": 0.478125, "14.375": 0.478125, "14.5": 0.471875, "14.625": 0.46875, "14.75": 0.46875, "14.875": 0.46875, "15.0": 0.46875}