{"1.6875": 0.03125, "14.0625": 1.0, "10.1875": 1.0, "8.1875": 1.03125, "28.625": 0.96875, "17.1875": 0.96875, "8.25": 1.03125, "24.0625": 0.96875, "18.25": 0.96875, "30.375": 0.96875, "24.5": 0.96875, "5.6875": 0.96875, "6.0": 0.96875, "20.5625": 0.96875, "9.0": 1.03125, "24.375": 0.96875, "9.0625": 1.03125, "7.9375": 1.0, "11.375": 0.96875, "20.125": 0.96875, "19.8125": 0.96875, "7.5": 1.03125, "3.4375": 0.03125, "7.75": 1.09375, "26.9375": 0.96875, "21.3125": 0.96875, "15.4375": 0.96875, "30.5": 0.96875, "18.1875": 0.96875, "3.75": 0.03125, "1.875": 0.03125, "28.5625": 0.96875, "10.875": 1.03125, "2.9375": 0.03125, "19.25": 0.96875, "25.5": 0.96875, "17.75": 0.96875, "25.8125": 0.96875, "27.5625": 0.96875, "12.875": 0.96875, "6.5625": 1.03125, "23.875": 0.96875, "28.3125": 0.96875, "13.8125": 0.96875, "7.8125": 0.96875, "29.8125": 0.96875, "30.875": 0.96875, "9.375": 1.0, "7.625": 1.03125, "29.125": 0.96875, "27.0": 0.96875, "7.125": 0.96875, "4.6875": 0.03125, "2.625": 0.03125, "10.75": 0.96875, "13.4375": 0.96875, "13.0": 0.96875, "29.5625": 0.96875, "30.4375": 0.96875, "12.6875": 0.96875, "11.5": 0.96875, "29.5": 0.96875, "13.5625": 0.96875, "5.75": 1.03125, "18.875": 0.96875, "29.0": 0.96875, "19.6875": 0.96875, "6.375": 1.125, "20.875": 0.96875, "5.5625": 0.96875, "20.6875": 0.96875, "14.75": 0.96875, "16.25": 0.96875, "4.0": 0.03125, "17.4375": 0.96875, "17.0625": 0.96875, "1.8125": 0.03125, "14.25": 0.96875, "0.9375": 0.03125, "4.25": 0.03125, "17.375": 0.96875, "26.1875": 0.96875, "5.25": 1.0, "29.9375": 0.96875, "21.1875": 0.96875, "9.8125": 0.96875, "9.625": 1.03125, "12.625": 0.96875, "17.125": 0.96875, "21.75": 0.96875, "18.625": 0.96875, "10.3125": 0.96875, "7.5625": 1.03125, "16.625": 0.96875, "3.25": 0.03125, "20.8125": 0.96875, "29.25": 0.96875, "10.25": 0.96875, "30.3125": 0.96875, "5.5": 0.96875, "28.6875": 0.96875, "9.6875": 0.96875, "7.4375": 0.96875, "22.6875": 0.96875, "17.0": 0.96875, "21.0625": 0.96875, "25.375": 0.96875, "12.125": 0.96875, "23.6875": 0.96875, "14.125": 1.03125, "10.125": 0.96875, "24.25": 0.96875, "19.5": 0.96875, "31.0": 0.96875, "20.4375": 0.96875, "8.4375": 1.03125, "11.8125": 0.96875, "23.3125": 0.96875, "30.75": 0.96875, "2.375": 0.03125, "25.3125": 0.96875, "28.9375": 0.96875, "18.8125": 0.96875, "19.625": 0.96875, "26.75": 0.96875, "20.1875": 0.96875, "25.625": 0.96875, "4.75": 0.03125, "24.1875": 0.96875, "18.5625": 0.96875, "30.6875": 0.96875, "11.3125": 1.03125, "8.9375": 0.96875, "18.125": 0.96875, "1.5625": 0.03125, "21.8125": 0.96875, "30.25": 0.96875, "11.0": 1.03125, "24.3125": 0.96875, "20.3125": 0.96875, "15.125": 0.96875, "15.375": 0.96875, "20.5": 0.96875, "12.9375": 0.96875, "20.25": 0.96875, "22.0625": 0.96875, "22.625": 0.96875, "11.0625": 0.96875, "16.9375": 0.96875, "26.5625": 0.96875, "28.875": 0.96875, "23.625": 0.96875, "20.75": 0.96875, "13.25": 0.96875, "27.875": 0.96875, "24.75": 0.96875, "10.6875": 1.0, "25.6875": 0.96875, "6.0625": 0.96875, "3.5625": 0.03125, "17.5625": 0.96875, "26.8125": 0.96875, "11.6875": 0.96875, "28.25": 0.96875, "26.3125": 0.96875, "11.25": 1.03125, "6.8125": 0.96875, "2.0625": 0.03125, "18.9375": 0.96875, "4.3125": 0.03125, "15.875": 0.96875, "22.8125": 0.96875, "13.6875": 1.03125, "5.4375": 0.03125, "30.125": 0.96875, "24.4375": 0.96875, "10.8125": 1.03125, "9.3125": 1.0, "26.125": 0.96875, "26.375": 0.96875, "5.9375": 0.96875, "13.5": 0.96875, "0.75": 0.03125, "24.125": 0.96875, "15.9375": 0.96875, "19.4375": 0.96875, "4.125": 0.03125, "1.0": 0.03125, "22.3125": 0.96875, "26.0": 0.96875, "26.0625": 0.96875, "3.875": 0.03125, "12.75": 0.96875, "15.6875": 0.96875, "27.9375": 0.96875, "15.3125": 0.96875, "16.375": 0.96875, "5.375": 0.96875, "1.5": 0.03125, "6.125": 0.96875, "24.5625": 0.96875, "23.25": 0.96875, "10.375": 0.96875, "12.375": 0.96875, "0.25": 0.03125, "26.5": 0.96875, "9.1875": 1.0, "30.1875": 0.96875, "4.0625": 0.03125, "15.0": 0.96875, "13.9375": 0.96875, "29.75": 0.96875, "6.1875": 0.96875, "12.1875": 0.96875, "25.0625": 0.96875, "27.25": 0.96875, "29.4375": 0.96875, "2.6875": 0.03125, "4.875": 0.03125, "8.5625": 0.96875, "25.75": 0.96875, "23.5625": 0.96875, "8.875": 0.96875, "9.875": 1.0, "12.3125": 0.96875, "18.0": 0.96875, "27.3125": 0.96875, "0.375": 0.03125, "21.9375": 0.96875, "19.375": 0.96875, "4.8125": 0.03125, "11.4375": 0.96875, "29.0625": 0.96875, "1.3125": 0.03125, "7.0": 0.96875, "24.625": 0.96875, "16.8125": 0.96875, "5.0": 0.5, "13.3125": 1.0, "6.625": 1.0, "12.25": 0.96875, "11.75": 0.96875, "30.0625": 0.96875, "25.125": 0.96875, "2.8125": 0.03125, "17.625": 0.96875, "15.5625": 0.96875, "24.6875": 0.96875, "14.375": 0.96875, "23.1875": 0.96875, "1.75": 0.03125, "24.9375": 0.96875, "2.125": 0.03125, "22.375": 0.96875, "19.875": 0.96875, "28.4375": 0.96875, "2.75": 0.03125, "14.625": 1.0, "8.375": 1.03125, "0.0625": 0.03125, "20.375": 0.96875, "11.5625": 1.0, "16.75": 1.0, "15.5": 0.96875, "3.5": 0.03125, "2.875": 0.03125, "2.1875": 0.03125, "14.3125": 0.96875, "2.0": 0.03125, "25.25": 0.96875, "8.6875": 0.96875, "1.125": 0.03125, "26.4375": 0.96875, "3.9375": 0.03125, "21.4375": 0.96875, "11.875": 0.96875, "22.875": 0.96875, "10.625": 1.0, "28.8125": 0.96875, "0.8125": 0.03125, "28.5": 0.96875, "22.5625": 0.96875, "19.5625": 0.96875, "3.0625": 0.03125, "5.1875": 0.03125, "11.9375": 0.96875, "19.3125": 0.96875, "29.1875": 0.96875, "7.3125": 1.0, "23.0": 0.96875, "26.6875": 0.96875, "23.5": 0.96875, "18.375": 0.96875, "27.0625": 0.96875, "14.5625": 0.96875, "15.0625": 0.96875, "10.0": 1.0625, "16.125": 0.96875, "18.4375": 0.96875, "7.6875": 1.0, "22.25": 0.96875, "25.875": 0.96875, "11.125": 0.96875, "14.1875": 0.96875, "6.25": 0.96875, "13.875": 1.0, "13.375": 0.96875, "22.125": 0.96875, "29.625": 0.96875, "25.5625": 0.96875, "9.5625": 0.96875, "20.9375": 0.96875, "15.1875": 0.96875, "8.0": 1.03125, "18.0625": 0.96875, "1.9375": 0.03125, "16.875": 0.96875, "21.6875": 1.03125, "16.1875": 0.96875, "21.0": 0.96875, "25.0": 0.96875, "12.5": 0.96875, "7.0625": 1.0, "23.9375": 0.96875, "3.625": 0.03125, "11.625": 0.96875, "21.25": 0.96875, "8.125": 0.96875, "12.4375": 0.96875, "14.5": 0.96875, "19.75": 0.96875, "18.5": 0.96875, "28.1875": 0.96875, "6.875": 1.03125, "22.4375": 0.96875, "19.125": 0.96875, "16.5": 0.96875, "2.3125": 0.03125, "28.0625": 0.96875, "22.9375": 0.96875, "15.8125": 0.96875, "16.3125": 0.96875, "17.6875": 0.96875, "19.1875": 0.96875, "12.0625": 0.96875, "3.3125": 0.03125, "5.3125": 0.03125, "25.4375": 0.96875, "1.375": 0.03125, "15.25": 0.96875, "27.6875": 0.96875, "3.0": 0.03125, "28.375": 0.96875, "4.625": 0.03125, "17.8125": 0.96875, "3.8125": 0.03125, "6.5": 1.0, "7.25": 1.03125, "17.875": 0.96875, "9.4375": 0.96875, "24.8125": 0.96875, "19.9375": 0.96875, "6.3125": 1.09375, "1.0625": 0.03125, "3.125": 0.03125, "0.125": 0.03125, "26.625": 0.96875, "12.8125": 0.96875, "4.5": 0.03125, "22.5": 0.96875, "8.0625": 0.96875, "23.75": 0.96875, "5.125": 0.03125, "11.1875": 0.96875, "29.3125": 0.96875, "12.0": 1.0, "23.8125": 0.96875, "29.6875": 0.96875, "29.375": 0.96875, "9.75": 0.96875, "30.9375": 0.96875, "30.625": 0.96875, "16.4375": 0.96875, "0.625": 0.03125, "20.0": 0.96875, "22.75": 0.96875, "13.0625": 0.96875, "27.375": 0.96875, "30.0": 0.96875, "14.8125": 0.96875, "2.5": 0.03125, "8.8125": 0.96875, "18.3125": 0.96875, "4.1875": 0.03125, "4.4375": 0.03125, "26.25": 0.96875, "10.4375": 0.96875, "21.875": 0.96875, "1.1875": 0.03125, "30.5625": 0.96875, "20.625": 0.96875, "27.125": 0.96875, "6.6875": 1.09375, "9.25": 1.0, "2.4375": 0.03125, "23.375": 0.96875, "10.5": 0.96875, "27.5": 0.96875, "23.125": 0.96875, "16.6875": 0.96875, "21.125": 0.96875, "3.6875": 0.03125, "5.625": 1.03125, "0.1875": 0.03125, "2.25": 0.03125, "4.375": 0.03125, "14.9375": 0.96875, "1.4375": 0.03125, "21.5": 0.96875, "27.1875": 0.96875, "25.9375": 0.96875, "21.625": 0.96875, "27.8125": 0.96875, "6.75": 0.96875, "24.875": 0.96875, "4.5625": 0.03125, "14.4375": 1.0, "9.125": 1.0, "28.75": 0.96875, "24.0": 0.96875,