{"0.125": 0.03125, "0.25": 0.03125, "0.375": 0.03125, "0.5": 0.03125, "0.625": 0.03125, "0.75": 0.03125, "0.875": 0.03125, "1.0": 0.03125, "1.125": 0.03125, "1.25": 0.03125, "1.375": 0.03125, "1.5": 0.03125, "1.625": 0.03125, "1.75": 0.03125, "1.875": 0.03125, "2.0": 0.03125, "2.125": 0.03125, "2.25": 0.03125, "2.375": 0.03125, "2.5": 0.03125, "2.625": 0.03125, "2.75": 0.03125, "2.875": 0.03125, "3.0": 0.03125, "3.125": 0.06875, "3.25": 0.03125, "3.375": 0.1125, "3.5": 0.1, "3.625": 0.25625, "3.75": 0.165625, "3.875": 0.159375, "4.0": 0.1625, "4.125": 0.1625, "4.25": 0.175, "4.375": 0.21875, "4.5": 0.46875, "4.625": 0.309375, "4.75": 0.365625, "4.875": 0.40625, "5.0": 0.3625, "5.125": 0.359375, "5.25": 0.41875, "5.375": 0.428125, "5.5": 0.40625, "5.625": 0.425, "5.75": 0.471875, "5.875": 0.46875, "6.0": 0.446875, "6.125": 0.425, "6.25": 0.425, "6.375": 0.425, "6.5": 0.46875, "6.625": 0.46875, "6.75": 0.46875, "6.875": 0.46875, "7.0": 0.46875, "7.125": 0.471875, "7.25": 0.46875, "7.375": 0.46875, "7.5": 0.46875, "7.625": 0.46875, "7.75": 0.46875, "7.875": 0.46875, "8.0": 0.446875, "8.125": 0.46875, "8.25": 0.46875, "8.375": 0.46875, "8.5": 0.46875, "8.625": 0.46875, "8.75": 0.46875, "8.875": 0.46875, "9.0": 0.46875, "9.125": 0.46875, "9.25": 0.46875, "9.375": 0.46875, "9.5": 0.46875, "9.625": 0.46875, "9.75": 0.46875, "9.875": 0.46875, "10.0": 0.46875, "10.125": 0.46875, "10.25": 0.46875, "10.375": 0.46875, "10.5": 0.46875, "10.625": 0.46875, "10.75": 0.46875, "10.875": 0.46875, "11.0": 0.46875, "11.125": 0.46875, "11.25": 0.46875, "11.375": 0.46875, "11.5": 0.46875, "11.625": 0.46875, "11.75": 0.46875, "11.875": 0.46875, "12.0": 0.46875, "12.125": 0.46875, "12.25": 0.46875, "12.375": 0.46875, "12.5": 0.46875, "12.625": 0.46875, "12.75": 0.46875, "12.875": 0.46875, "13.0": 0.46875, "13.125": 0.46875, "13.25": 0.46875, "13.375": 0.46875, "13.5": 0.46875, "13.625": 0.46875, "13.75": 0.46875, "13.875": 0.46875, "14.0": 0.46875, "14.125": 0.46875, "14.25": 0.46875, "14.375": 0.46875, "14.5": 0.46875, "14.625": 0.46875, "14.75": 0.46875, "14.875": 0.46875, "15.0": 0.46875}