{"0.125": 0.03125, "0.25": 0.03125, "0.375": 0.03125, "0.5": 0.03125, "0.625": 0.03125, "0.75": 0.03125, "0.875": 0.03125, "1.0": 0.03125, "1.125": 0.03125, "1.25": 0.03125, "1.375": 0.03125, "1.5": 0.03125, "1.625": 0.03125, "1.75": 0.03125, "1.875": 0.03125, "2.0": 0.03125, "2.125": 0.03125, "2.25": 0.03125, "2.375": 0.03125, "2.5": 0.03125, "2.625": 0.03125, "2.75": 16.5, "2.875": 30.375, "3.0": 58.1875, "3.125": 63.09375, "3.25": 163.8125, "3.375": 298.03125, "3.5": 4.6875, "3.625": 486.515625, "3.75": 700.171875, "3.875": 488.421875, "4.0": 937.46875, "4.125": 1775.265625, "4.25": 1686.21875, "4.375": 26.796875, "4.5": 4.296875, "4.625": 9.46875, "4.75": 20.734375, "4.875": 2.328125, "5.0": 7.0, "5.125": 1.1875, "5.25": 1.046875, "5.375": 1.8125, "5.5": 1.734375, "5.625": 1.6875, "5.75": 1.03125, "5.875": 1.03125, "6.0": 0.71875, "6.125": 0.703125, "6.25": 1.03125, "6.375": 1.265625, "6.5": 1.015625, "6.625": 1.359375, "6.75": 1.0625, "6.875": 0.9375, "7.0": 0.796875, "7.125": 0.6875, "7.25": 0.578125, "7.375": 0.65625, "7.5": 0.984375, "7.625": 0.671875, "7.75": 0.5, "7.875": 0.90625, "8.0": 0.6875, "8.125": 0.65625, "8.25": 0.5, "8.375": 0.65625, "8.5": 0.65625, "8.625": 0.5, "8.75": 0.5, "8.875": 0.65625, "9.0": 0.578125, "9.125": 0.5, "9.25": 0.5, "9.375": 0.578125, "9.5": 0.5, "9.625": 0.5, "9.75": 0.5, "9.875": 0.5, "10.0": 0.5, "10.125": 0.5, "10.25": 0.5, "10.375": 0.5, "10.5": 0.5, "10.625": 0.5, "10.75": 0.5, "10.875": 0.5, "11.0": 0.5, "11.125": 0.5, "11.25": 0.5, "11.375": 0.5, "11.5": 0.5, "11.625": 0.5, "11.75": 0.5, "11.875": 0.5, "12.0": 0.5, "12.125": 0.5, "12.25": 0.5, "12.375": 0.5, "12.5": 0.5, "12.625": 0.5, "12.75": 0.5, "12.875": 0.5, "13.0": 0.5, "13.125": 0.5, "13.25": 0.5, "13.375": 0.5, "13.5": 0.5, "13.625": 0.5, "13.75": 0.5, "13.875": 0.5, "14.0": 0.5, "14.125": 0.5, "14.25": 0.5, "14.375": 0.5, "14.5": 0.5, "14.625": 0.5, "14.75": 0.5, "14.875": 0.5, "15.0": 0.5}