{"0.083333336": 0.03125, "0.16666667": 0.03125, "0.25": 0.03125, "0.33333334": 0.03125, "0.41666666": 0.03125, "0.5": 0.03125, "0.5833333": 0.03125, "0.6666667": 0.03125, "0.75": 0.03125, "0.8333333": 0.03125, "0.9166667": 0.03125, "1.0": 0.03125, "1.0833334": 0.03125, "1.1666666": 0.03125, "1.25": 0.03125, "1.3333334": 0.03125, "1.4166666": 0.03125, "1.5": 0.03125, "1.5833334": 0.03125, "1.6666666": 0.03125, "1.75": 0.03125, "1.8333334": 0.03125, "1.9166666": 0.03125, "2.0": 0.03125, "2.0833333": 0.03125, "2.1666667": 0.03125, "2.25": 0.03125, "2.3333333": 0.03125, "2.4166667": 0.03125, "2.5": 0.03125, "2.5833333": 0.03125, "2.6666667": 0.03125, "2.75": 0.03125, "2.8333333": 0.03125, "2.9166667": 0.03125, "3.0": 0.03125, "3.0833333": 0.03125, "3.1666667": 868.84375, "3.25": 794.375, "3.3333333": 2694.78125, "3.4166667": 3125.03125, "3.5": 3125.03125, "3.5833333": 3125.03125, "3.6666667": 3125.03125, "3.75": 3125.03125, "3.8333333": 3125.03125, "3.9166667": 3125.03125, "4.0": 3125.03125, "4.0833335": 3125.03125, "4.1666665": 3125.03125, "4.25": 3125.03125, "4.3333335": 3125.03125, "4.4166665": 3125.03125, "4.5": 2698.578125, "4.5833335": 3125.03125, "4.6666665": 3125.03125, "4.75": 3125.03125, "4.8333335": 3125.03125, "4.9166665": 537.09375, "5.0": 119.5, "5.0833335": 3125.03125, "5.1666665": 2481.65625, "5.25": 115.921875, "5.3333335": 128.828125, "5.4166665": 491.75, "5.5": 405.125, "5.5833335": 6.34375, "5.6666665": 39.515625, "5.75": 74.359375, "5.8333335": 3125.03125, "5.9166665": 17.84375, "6.0": 148.953125, "6.0833335": 5.015625, "6.1666665": 13.171875, "6.25": 12.6875, "6.3333335": 18.828125, "6.4166665": 9.3125, "6.5": 8.6875, "6.5833335": 6.5625, "6.6666665": 2.953125, "6.75": 2.21875, "6.8333335": 1.921875, "6.9166665": 2.34375, "7.0": 5.0, "7.0833335": 3.203125, "7.1666665": 2.0625, "7.25": 2.890625, "7.3333335": 2.640625, "7.4166665": 5.453125, "7.5": 1.203125, "7.5833335": 2.0, "7.6666665": 6.171875, "7.75": 1.890625, "7.8333335": 1.84375, "7.9166665": 2.765625, "8.0": 5.828125, "8.083333": 2.546875, "8.166667": 1.125, "8.25": 2.265625, "8.333333": 2.1875, "8.416667": 1.328125, "8.5": 1.375, "8.583333": 1.46875, "8.666667": 0.984375, "8.75": 1.546875, "8.833333": 0.96875, "8.916667": 0.9375, "9.0": 1.21875, "9.083333": 1.734375, "9.166667": 1.0, "9.25": 1.203125, "9.333333": 0.953125, "9.416667": 1.515625, "9.5": 1.234375, "9.583333": 1.296875, "9.666667": 0.9375, "9.75": 0.984375, "9.833333": 0.90625, "9.916667": 1.203125, "10.0": 0.921875, "10.083333": 1.046875, "10.166667": 0.953125, "10.25": 1.03125, "10.333333": 1.21875, "10.416667": 0.828125, "10.5": 1.28125, "10.583333": 1.046875, "10.666667": 0.921875, "10.75": 0.9375, "10.833333": 1.0, "10.916667": 1.21875, "11.0": 0.96875, "11.083333": 1.234375, "11.166667": 0.9375, "11.25": 0.828125, "11.333333": 1.109375, "11.416667": 1.1875, "11.5": 0.828125, "11.583333": 0.953125, "11.666667": 0.90625, "11.75": 0.9375, "11.833333": 0.75, "11.916667": 0.921875, "12.0": 0.90625, "12.083333": 0.90625, "12.166667": 0.75, "12.25": 0.75, "12.333333": 0.75, "12.416667": 0.9375, "12.5": 0.90625, "12.583333": 0.90625, "12.666667": 0.75, "12.75": 0.90625, "12.833333": 0.75, "12.916667": 0.90625, "13.0": 0.828125, "13.083333": 0.75, "13.166667": 0.75, "13.25": 0.75, "13.333333": 0.828125, "13.416667": 0.828125, "13.5": 0.75, "13.583333": 0.75, "13.666667": 0.75, "13.75": 0.75, "13.833333": 0.90625, "13.916667": 0.75, "14.0": 0.75, "14.083333": 0.828125, "14.166667": 0.75, "14.25": 0.828125, "14.333333": 0.90625, "14.416667": 0.75, "14.5": 0.828125, "14.583333": 0.90625, "14.666667": 0.90625, "14.75": 0.828125, "14.833333": 0.75, "14.916667": 0.75, "15.0": 0.90625, "15.083333": 0.75, "15.166667": 0.75, "15.25": 0.75, "15.333333": 0.828125, "15.416667": 0.75, "15.5": 0.75, "15.583333": 0.75, "15.666667": 0.828125, "15.75": 0.75, "15.833333": 0.75, "15.916667": 0.75, "16.0": 0.75, "16.083334": 0.75, "16.166666": 0.75, "16.25": 0.75, "16.333334": 0.75, "16.416666": 0.75, "16.5": 0.75, "16.583334": 0.75, "16.666666": 0.75, "16.75": 0.75, "16.833334": 0.75, "16.916666": 0.75, "17.0": 0.75, "17.083334": 0.75, "17.166666": 0.75, "17.25": 0.75, "17.333334": 0.75, "17.416666": 0.75, "17.5": 0.75, "17.583334": 0.75, "17.666666": 0.75, "17.75": 0.75, "17.833334": 0.75, "17.916666": 0.75, "18.0": 0.75, "18.083334": 0.75, "18.166666": 0.75, "18.25": 0.75, "18.333334": 0.75, "18.416666": 0.75, "18.5": 0.75, "18.583334": 0.75, "18.666666": 0.75, "18.75": 0.75, "18.833334": 0.75, "18.916666": 0.75, "19.0": 0.75, "19.083334": 0.75, "19.166666": 0.75, "19.25": 0.75, "19.333334": 0.75, "19.416666": 0.75, "19.5": 0.75, "19.583334": 0.75, "19.666666": 0.75, "19.75": 0.75, "19.833334": 0.75, "19.916666": 0.75, "20.0": 0.75, "20.083334": 0.75, "20.166666": 0.75, "20.25": 0.75, "20.333334": 0.75, "20.416666": 0.75, "20.5": 0.75, "20.583334": 0.75, "20.666666": 0.75, "20.75": 0.75, "20.833334": 0.75, "20.916666": 0.75, "21.0": 0.75, "21.083334": 0.75, "21.166666": 0.75, "21.25": 0.75, "21.333334": 0.75, "21.416666": 0.75, "21.5": 0.75, "21.583334": 0.75, "21.666666": 0.75, "21.75": 0.75, "21.833334": 0.75, "21.916666": 0.75, "22.0": 0.75, "22.083334": 0.75, "22.166666": 0.75, "22.25": 0.75, "22.333334": 0.75, "22.416666": 0.75, "22.5": 0.75, "22.583334": 0.75, "22.666666": 0.75, "22.75": 0.75, "22.833334": 0.75, "22.916666": 0.75, "23.0": 0.75}