{"0.125": 0.03125, "0.25": 0.03125, "0.375": 0.03125, "0.5": 0.03125, "0.625": 0.03125, "0.75": 0.03125, "0.875": 0.03125, "1.0": 0.03125, "1.125": 0.03125, "1.25": 0.03125, "1.375": 0.03125, "1.5": 0.034375, "1.625": 0.046875, "1.75": 0.04375, "1.875": 0.146875, "2.0": 0.2625, "2.125": 0.234375, "2.25": 0.9375, "2.375": 1.865625, "2.5": 2.678125, "2.625": 7.0046875, "2.75": 14.0375, "2.875": 28.2984375, "3.0": 47.5390625, "3.125": 56.7671875, "3.25": 138.1109375, "3.375": 252.89375, "3.5": 176.9953125, "3.625": 437.83125, "3.75": 660.4984375, "3.875": 714.45625, "4.0": 958.175, "4.125": 1256.5359375, "4.25": 1472.5515625, "4.375": 1409.4, "4.5": 753.484375, "4.625": 1252.8640625, "4.75": 962.9875, "4.875": 720.6890625, "5.0": 790.4421875, "5.125": 873.5515625, "5.25": 314.5546875, "5.375": 481.1796875, "5.5": 524.109375, "5.625": 326.05, "5.75": 5.3421875, "5.875": 163.9578125, "6.0": 161.49375, "6.125": 364.2375, "6.25": 313.7234375, "6.375": 314.184375, "6.5": 1.3609375, "6.625": 7.953125, "6.75": 161.1265625, "6.875": 17.8828125, "7.0": 2.6375, "7.125": 0.9390625, "7.25": 0.775, "7.375": 313.3265625, "7.5": 189.628125, "7.625": 1.0875, "7.75": 0.9125, "7.875": 1.8546875, "8.0": 156.996875, "8.125": 1.6078125, "8.25": 1.021875, "8.375": 2.884375, "8.5": 0.8, "8.625": 0.6359375, "8.75": 0.75625, "8.875": 1.0640625, "9.0": 0.7921875, "9.125": 1.209375, "9.25": 0.7734375, "9.375": 0.990625, "9.5": 0.596875, "9.625": 0.6859375, "9.75": 0.6109375, "9.875": 0.6140625, "10.0": 0.5875, "10.125": 0.553125, "10.25": 0.55, "10.375": 0.590625, "10.5": 0.7046875, "10.625": 0.68125, "10.75": 0.5703125, "10.875": 0.58125, "11.0": 0.525, "11.125": 0.559375, "11.25": 0.534375, "11.375": 0.834375, "11.5": 0.5421875, "11.625": 0.771875, "11.75": 0.540625, "11.875": 0.5421875, "12.0": 0.534375, "12.125": 0.5328125, "12.25": 0.515625, "12.375": 0.5078125, "12.5": 0.515625, "12.625": 0.5, "12.75": 0.5, "12.875": 0.5078125, "13.0": 0.5, "13.125": 0.5078125, "13.25": 0.5, "13.375": 0.5, "13.5": 0.5, "13.625": 0.5, "13.75": 0.5, "13.875": 0.5, "14.0": 0.5, "14.125": 0.5, "14.25": 0.5, "14.375": 0.5, "14.5": 0.5, "14.625": 0.5, "14.75": 0.5, "14.875": 0.5, "15.0": 0.5}