{"0.083333336": 0.03125, "0.16666667": 0.03125, "0.25": 0.03125, "0.33333334": 0.03125, "0.41666666": 0.03125, "0.5": 0.03125, "0.5833333": 0.03125, "0.6666667": 0.03125, "0.75": 0.03125, "0.8333333": 0.03125, "0.9166667": 0.03125, "1.0": 0.03125, "1.0833334": 0.03125, "1.1666666": 0.03125, "1.25": 0.03125, "1.3333334": 0.03125, "1.4166666": 0.03125, "1.5": 0.03125, "1.5833334": 0.03125, "1.6666666": 0.03125, "1.75": 0.03125, "1.8333334": 0.03125, "1.9166666": 0.11875, "2.0": 0.03125, "2.0833333": 0.315625, "2.1666667": 0.396875, "2.25": 0.0375, "2.3333333": 1.996875, "2.4166667": 7.053125, "2.5": 4.709375, "2.5833333": 26.125, "2.6666667": 22.975, "2.75": 34.565625, "2.8333333": 101.36875, "2.9166667": 164.5734375, "3.0": 346.76875, "3.0833333": 478.5890625, "3.1666667": 997.0, "3.25": 1217.278125, "3.3333333": 1796.13125, "3.4166667": 2176.140625, "3.5": 1718.784375, "3.5833333": 2257.8421875, "3.6666667": 2031.28125, "3.75": 2187.53125, "3.8333333": 1888.1359375, "3.9166667": 1887.471875, "4.0": 2343.78125, "4.0833335": 2092.1765625, "4.1666665": 2054.5796875, "4.25": 1882.7515625, "4.3333335": 2125.78125, "4.4166665": 1808.7625, "4.5": 1684.14375, "4.5833335": 2037.6015625, "4.6666665": 2347.553125, "4.75": 2034.2828125, "4.8333335": 1734.159375, "4.9166665": 1325.5046875, "5.0": 1147.4875, "5.0833335": 1820.95, "5.1666665": 1812.1765625, "5.25": 1212.615625, "5.3333335": 1139.6578125, "5.4166665": 1469.7359375, "5.5": 1413.49375, "5.5833335": 875.175, "5.6666665": 1020.89375, "5.75": 1059.0296875, "5.8333335": 1779.91875, "5.9166665": 1262.4453125, "6.0": 1104.2421875, "6.0833335": 1023.0859375, "6.1666665": 567.0859375, "6.25": 853.9984375, "6.3333335": 1103.3703125, "6.4166665": 492.6046875, "6.5": 806.7140625, "6.5833335": 186.7828125, "6.6666665": 361.903125, "6.75": 340.1015625, "6.8333335": 360.1609375, "6.9166665": 387.49375, "7.0": 57.9109375, "7.0833335": 163.1453125, "7.1666665": 176.196875, "7.25": 360.746875, "7.3333335": 430.4296875, "7.4166665": 798.5984375, "7.5": 158.5921875, "7.5833335": 580.5921875, "7.6666665": 340.7265625, "7.75": 2.165625, "7.8333335": 159.128125, "7.9166665": 495.559375, "8.0": 414.95, "8.083333": 277.4109375, "8.166667": 334.659375, "8.25": 116.5703125, "8.333333": 160.8453125, "8.416667": 78.5015625, "8.5": 50.246875, "8.583333": 170.6640625, "8.666667": 6.7578125, "8.75": 2.765625, "8.833333": 19.5546875, "8.916667": 158.6265625, "9.0": 13.815625, "9.083333": 4.6140625, "9.166667": 21.2859375, "9.25": 10.078125, "9.333333": 2.175, "9.416667": 2.99375, "9.5": 55.0, "9.583333": 26.9703125, "9.666667": 3.3109375, "9.75": 34.596875, "9.833333": 1.21875, "9.916667": 2.90625, "10.0": 18.94375, "10.083333": 2.675, "10.166667": 1.5640625, "10.25": 24.5015625, "10.333333": 2.078125, "10.416667": 1.453125, "10.5": 209.215625, "10.583333": 8.39375, "10.666667": 1.51875, "10.75": 1.9015625, "10.833333": 8.8546875, "10.916667": 21.5578125, "11.0": 1.5703125, "11.083333": 7.6703125, "11.166667": 28.696875, "11.25": 0.96875, "11.333333": 1.225, "11.416667": 1.765625, "11.5": 1.5390625, "11.583333": 2.66875, "11.666667": 4.1046875, "11.75": 1.7015625, "11.833333": 157.184375, "11.916667": 4.8078125, "12.0": 1.1125, "12.083333": 1.721875, "12.166667": 1.0984375, "12.25": 3.525, "12.333333": 0.9609375, "12.416667": 1.4328125, "12.5": 1.2046875, "12.583333": 1.9125, "12.666667": 2.9296875, "12.75": 1.078125, "12.833333": 0.9890625, "12.916667": 1.23125, "13.0": 1.0125, "13.083333": 1.4640625, "13.166667": 1.2625, "13.25": 0.96875, "13.333333": 0.9921875, "13.416667": 0.90625, "13.5": 0.978125, "13.583333": 8.4921875, "13.666667": 0.8921875, "13.75": 1.5640625, "13.833333": 1.2828125, "13.916667": 0.8078125, "14.0": 1.36875, "14.083333": 0.9171875, "14.166667": 0.8671875, "14.25": 1.11875, "14.333333": 1.55, "14.416667": 0.8, "14.5": 1.1890625, "14.583333": 1.25, "14.666667": 1.253125, "14.75": 0.94375, "14.833333": 0.79375, "14.916667": 0.95625, "15.0": 1.496875, "15.083333": 0.846875, "15.166667": 1.0953125, "15.25": 0.8609375, "15.333333": 0.9625, "15.416667": 0.915625, "15.5": 0.875, "15.583333": 0.825, "15.666667": 1.259375, "15.75": 0.89375, "15.833333": 0.9265625, "15.916667": 0.8875, "16.0": 0.859375, "16.083334": 1.13125, "16.166666": 0.8140625, "16.25": 0.79375, "16.333334": 0.8390625, "16.416666": 0.8453125, "16.5": 0.965625, "16.583334": 0.78125, "16.666666": 0.8015625, "16.75": 0.8140625, "16.833334": 0.8421875, "16.916666": 0.815625, "17.0": 1.11875, "17.083334": 0.7765625, "17.166666": 0.8078125, "17.25": 0.7578125, "17.333334": 0.8953125, "17.416666": 0.8171875, "17.5": 0.8890625, "17.583334": 0.8265625, "17.666666": 0.78125, "17.75": 0.765625, "17.833334": 0.765625, "17.916666": 0.8875, "18.0": 0.7921875, "18.083334": 0.8171875, "18.166666": 0.8609375, "18.25": 0.784375, "18.333334": 0.7703125, "18.416666": 0.790625, "18.5": 0.809375, "18.583334": 1.109375, "18.666666": 0.78125, "18.75": 0.75, "18.833334": 0.8453125, "18.916666": 0.7765625, "19.0": 0.784375, "19.083334": 0.759375, "19.166666": 0.790625, "19.25": 0.784375, "19.333334": 0.765625, "19.416666": 0.765625, "19.5": 0.765625, "19.583334": 0.7578125, "19.666666": 0.7671875, "19.75": 0.7578125, "19.833334": 0.7734375, "19.916666": 0.765625, "20.0": 0.7578125, "20.083334": 0.7578125, "20.166666": 0.75, "20.25": 0.75, "20.333334": 0.75, "20.416666": 0.759375, "20.5": 0.75, "20.583334": 0.75, "20.666666": 0.75, "20.75": 0.75, "20.833334": 0.75, "20.916666": 0.75, "21.0": 0.7578125, "21.083334": 0.75, "21.166666": 0.75, "21.25": 0.75, "21.333334": 0.75, "21.416666": 0.75, "21.5": 0.75, "21.583334": 0.75, "21.666666": 0.75, "21.75": 0.75, "21.833334": 0.75, "21.916666": 0.75, "22.0": 0.75, "22.083334": 0.75, "22.166666": 0.75, "22.25": 0.75, "22.333334": 0.75, "22.416666": 0.75, "22.5": 0.75, "22.583334": 0.75, "22.666666": 0.75, "22.75": 0.75, "22.833334": 0.75, "22.916666": 0.75, "23.0": 0.75}