{"1.6875": 0.03125, "14.0625": 2.2390625, "10.1875": 514.9828125, "8.1875": 335.68125, "28.625": 1.0, "17.1875": 1.6234375, "8.25": 335.9546875, "24.0625": 1.0234375, "18.25": 1.140625, "30.375": 1.0, "24.5": 1.059375, "5.6875": 1616.296875, "6.0": 1444.7734375, "20.5625": 1.0984375, "9.0": 56.440625, "24.375": 1.0421875, "9.0625": 166.559375, "7.9375": 571.7921875, "11.375": 169.8859375, "20.125": 1.271875, "19.8125": 1.25, "7.5": 338.4921875, "3.4375": 1718.78125, "7.75": 642.740625, "26.9375": 1.0078125, "21.3125": 1.1609375, "15.4375": 3.5625, "30.5": 1.0, "18.1875": 1.4234375, "3.75": 1718.78125, "1.875": 0.03125, "28.5625": 1.0, "10.875": 184.4171875, "2.9375": 312.53125, "19.25": 1.090625, "25.5": 1.065625, "17.75": 1.4859375, "25.8125": 1.034375, "27.5625": 1.0078125, "12.875": 1.965625, "6.5625": 871.15625, "23.875": 1.0859375, "28.3125": 1.0078125, "13.8125": 18.0921875, "7.8125": 644.51875, "29.8125": 1.0, "30.875": 1.0, "9.375": 284.3265625, "7.625": 369.6703125, "29.125": 1.0, "27.0": 1.1015625, "7.125": 930.6875, "4.6875": 2710.103125, "2.625": 0.03125, "10.75": 345.1546875, "13.4375": 2.8640625, "13.0": 5.5609375, "29.5625": 1.0, "30.4375": 1.0, "12.6875": 26.696875, "11.5": 164.11875, "29.5": 1.0, "13.5625": 1.8625, "5.75": 1072.059375, "18.875": 1.8109375, "29.0": 1.0, "19.6875": 2.2453125, "6.375": 1278.2453125, "20.875": 1.0890625, "5.5625": 1482.30625, "20.6875": 1.16875, "14.75": 2.065625, "16.25": 75.65625, "4.0": 2500.03125, "17.4375": 1.184375, "17.0625": 2.46875, "1.8125": 0.03125, "14.25": 5.015625, "0.9375": 0.03125, "4.25": 1878.2828125, "17.375": 1.425, "26.1875": 1.01875, "5.25": 1574.4375, "29.9375": 1.0, "21.1875": 1.159375, "9.8125": 467.0796875, "9.625": 215.496875, "12.625": 191.240625, "17.125": 1.7109375, "21.75": 1.1359375, "18.625": 1.4015625, "10.3125": 8.1765625, "7.5625": 844.265625, "16.625": 1.9484375, "3.25": 1250.03125, "20.8125": 1.053125, "29.25": 1.0, "10.25": 329.8578125, "30.3125": 1.0, "5.5": 1975.5359375, "28.6875": 1.0078125, "9.6875": 170.5203125, "7.4375": 595.0328125, "22.6875": 1.0515625, "17.0": 1.278125, "21.0625": 1.06875, "25.375": 1.0078125, "12.125": 18.4375, "23.6875": 1.0234375, "14.125": 10.5296875, "10.125": 55.953125, "24.25": 1.015625, "19.5": 1.1953125, "31.0": 1.0, "20.4375": 1.20625, "8.4375": 56.3125, "11.8125": 327.7125, "23.3125": 1.0484375, "30.75": 1.0, "2.375": 5.221875, "25.3125": 1.0078125, "28.9375": 1.0, "18.8125": 1.6359375, "19.625": 1.3671875, "26.75": 1.0265625, "20.1875": 1.3015625, "25.625": 1.0, "4.75": 1925.6375, "24.1875": 1.0, "18.5625": 1.3375, "30.6875": 1.0, "11.3125": 7.515625, "8.9375": 263.778125, "18.125": 1.1359375, "1.5625": 0.03125, "21.8125": 1.3390625, "30.25": 1.0, "11.0": 18.59375, "24.3125": 1.1078125, "20.3125": 1.2765625, "15.125": 1.63125, "15.375": 1.58125, "20.5": 2.15, "12.9375": 1.95, "20.25": 1.1953125, "22.0625": 1.1125, "22.625": 1.0390625, "11.0625": 160.0359375, "16.9375": 1.6734375, "26.5625": 1.009375, "28.875": 1.0, "23.625": 1.103125, "20.75": 1.196875, "13.25": 20.68125, "27.875": 1.0, "24.75": 1.0078125, "10.6875": 172.5953125, "25.6875": 1.0, "6.0625": 1515.43125, "3.5625": 1406.28125, "17.5625": 1.4125, "26.8125": 1.01875, "11.6875": 84.69375, "28.25": 1.0078125, "26.3125": 1.009375, "11.25": 166.1375, "6.8125": 1016.534375, "2.0625": 0.03125, "18.9375": 1.159375, "4.3125": 2343.728125, "15.875": 9.7953125, "22.8125": 1.015625, "13.6875": 1.2265625, "5.4375": 1687.63125, "30.125": 1.0, "24.4375": 1.03125, "10.8125": 174.78125, "9.3125": 263.378125, "26.125": 1.0515625, "26.375": 1.015625, "5.9375": 1674.2640625, "13.5": 12.259375, "0.75": 0.03125, "24.125": 1.04375, "15.9375": 4.9765625, "19.4375": 1.234375, "4.125": 1909.7515625, "1.0": 0.03125, "22.3125": 1.0671875, "26.0": 1.025, "26.0625": 1.04375, "3.875": 2187.53125, "12.75": 3.1578125, "15.6875": 2.00625, "27.9375": 1.0, "15.3125": 2.14375, "16.375": 1.24375, "5.375": 2119.0078125, "1.5": 0.03125, "6.125": 1984.0078125, "24.5625": 1.009375, "23.25": 1.0390625, "10.375": 317.975, "12.375": 10.309375, "0.25": 0.03125, "26.5": 1.0078125, "9.1875": 189.6484375, "30.1875": 1.0, "4.0625": 1562.5796875, "15.0": 1.4828125, "13.9375": 128.9578125, "29.75": 1.0, "6.1875": 1343.1296875, "12.1875": 11.2609375, "25.0625": 1.034375, "27.25": 1.0078125, "29.4375": 1.0, "2.6875": 202.69375, "4.875": 1608.0765625, "8.5625": 667.825, "25.75": 1.0234375, "23.5625": 1.0453125, "8.875": 503.765625, "9.875": 144.33125, "12.3125": 293.528125, "18.0": 1.121875, "27.3125": 1.0, "0.375": 0.03125, "21.9375": 1.05625, "19.375": 1.11875, "4.8125": 2347.99375, "11.4375": 7.896875, "29.0625": 1.0, "1.3125": 0.03125, "7.0": 1455.159375, "24.625": 1.034375, "16.8125": 1.4328125, "5.0": 2020.2375, "13.3125": 169.621875, "6.625": 1583.3984375, "12.25": 163.571875, "11.75": 161.3765625, "30.0625": 1.0, "25.125": 1.015625, "2.8125": 278.746875, "17.625": 1.196875, "15.5625": 9.103125, "24.6875": 1.03125, "14.375": 2.6765625, "23.1875": 1.015625, "1.75": 0.03125, "24.9375": 1.0, "2.125": 0.034375, "22.375": 1.1140625, "19.875": 74.653125, "28.4375": 1.0, "2.75": 68.01875, "14.625": 2.365625, "8.375": 215.7, "0.0625": 0.03125, "20.375": 1.8578125, "11.5625": 2.640625, "16.75": 1.1953125, "15.5": 2.8828125, "3.5": 1562.53125, "2.875": 608.475, "2.1875": 2.359375, "14.3125": 7.009375, "2.0": 0.03125, "25.25": 1.0078125, "8.6875": 534.209375, "1.125": 0.03125, "26.4375": 1.0078125, "3.9375": 2343.78125, "21.4375": 1.09375, "11.875": 175.64375, "22.875": 1.1234375, "10.625": 9.275, "28.8125": 1.0, "0.8125": 0.03125, "28.5": 1.0, "22.5625": 1.0359375, "19.5625": 1.4875, "3.0625": 1244.68125, "5.1875": 2265.025, "11.9375": 23.625, "19.3125": 1.3859375, "29.1875": 1.0, "7.3125": 497.2421875, "23.0": 1.121875, "26.6875": 1.0171875, "23.5": 1.05, "18.375": 1.290625, "27.0625": 1.0078125, "14.5625": 10.15, "15.0625": 75.6828125, "10.0": 345.440625, "16.125": 31.5859375, "18.4375": 1.2046875, "7.6875": 373.228125, "22.25": 1.0109375, "25.875": 1.0421875, "11.125": 280.70625, "14.1875": 2.534375, "6.25": 1377.928125, "13.875": 137.23125, "13.375": 3.5796875, "22.125": 1.0859375, "29.625": 1.0, "25.5625": 1.0390625, "9.5625": 296.3640625, "20.9375": 1.15625, "15.1875": 159.1515625, "8.0": 257.9625, "18.0625": 1.2453125, "1.9375": 0.03125, "16.875": 1.7375, "21.6875": 1.1890625, "16.1875": 1.51875, "21.0": 1.128125, "25.0": 1.0265625, "12.5": 168.2734375, "7.0625": 811.70625, "23.9375": 1.065625, "3.625": 1406.28125, "11.625": 38.3578125, "21.25": 1.0703125, "8.125": 796.9375, "12.4375": 165.39375, "14.5": 2.3484375, "19.75": 17.428125, "18.5": 1.1609375, "28.1875": 1.0, "6.875": 742.325, "22.4375": 1.0875, "19.125": 2.128125, "16.5": 4.0078125, "2.3125": 1.209375, "28.0625": 1.0, "22.9375": 1.03125, "15.8125": 2.61875, "16.3125": 7.884375, "17.6875": 1.278125, "19.1875": 2.1296875, "12.0625": 2.040625, "3.3125": 781.28125, "5.3125": 1880.45625, "25.4375": 1.05, "1.375": 0.03125, "15.25": 1.66875, "27.6875": 1.0078125, "3.0": 468.784375, "28.375": 1.0, "4.625": 2264.6453125, "17.8125": 1.1296875, "3.8125": 1718.78125, "6.5": 1281.1171875, "7.25": 541.140625, "17.875": 1.259375, "9.4375": 6.94375, "24.8125": 1.0, "19.9375": 23.4515625, "6.3125": 1173.6484375, "1.0625": 0.03125, "3.125": 1250.03125, "0.125": 0.03125, "26.625": 1.0, "12.8125": 4.7375, "4.5": 2126.409375, "22.5": 1.1265625, "8.0625": 655.45625, "23.75": 1.0328125, "5.125": 2241.5375, "11.1875": 17.378125, "29.3125": 1.0, "12.0": 163.425, "23.8125": 1.1015625, "29.6875": 1.0, "29.375": 1.0, "9.75": 202.575, "30.9375": 1.0, "30.625": 1.0, "16.4375": 3.2953125, "0.625": 0.03125, "20.0": 1.4015625, "22.75": 1.078125, "13.0625": 3.89375, "27.375": 1.015625, "30.0": 1.0, "14.8125": 1.55, "2.5": 17.30625, "8.8125": 376.7546875, "18.3125": 1.215625, "4.1875": 2812.53125, "4.4375": 2192.8953125, "26.25": 1.0171875, "10.4375": 41.853125, "21.875": 1.10625, "1.1875": 0.03125, "30.5625": 1.0, "20.625": 1.0875, "27.125": 1.015625, "6.6875": 801.1328125,