{"1.6875": 0.03125, "14.0625": 1.15625, "10.1875": 10.75, "8.1875": 1.734375, "28.625": 1.0, "17.1875": 1.078125, "8.25": 3.828125, "24.0625": 1.0, "18.25": 1.0, "30.375": 1.0, "24.5": 1.0, "5.6875": 1826.796875, "6.0": 685.796875, "20.5625": 1.0, "9.0": 5.46875, "24.375": 1.0, "9.0625": 3.75, "7.9375": 20.875, "11.375": 1.15625, "20.125": 1.15625, "19.8125": 1.0, "7.5": 7.09375, "3.4375": 3125.03125, "7.75": 5.234375, "26.9375": 1.0, "21.3125": 1.0, "15.4375": 1.21875, "30.5": 1.0, "18.1875": 1.0, "3.75": 3125.03125, "1.875": 0.03125, "28.5625": 1.0, "10.875": 1.859375, "2.9375": 0.03125, "19.25": 1.0, "25.5": 1.0, "17.75": 1.0, "25.8125": 1.0, "27.5625": 1.0, "12.875": 1.4375, "6.5625": 30.984375, "23.875": 1.0, "28.3125": 1.0, "13.8125": 1.484375, "7.8125": 4.796875, "29.8125": 1.0, "30.875": 1.0, "9.375": 3.921875, "7.625": 15.109375, "29.125": 1.0, "27.0": 1.0, "7.125": 39.25, "4.6875": 3125.03125, "2.625": 0.03125, "10.75": 2.421875, "13.4375": 1.484375, "13.0": 2.171875, "29.5625": 1.0, "30.4375": 1.0, "12.6875": 2.015625, "11.5": 1.96875, "29.5": 1.0, "13.5625": 1.703125, "5.75": 164.875, "18.875": 1.078125, "29.0": 1.0, "19.6875": 1.0, "6.375": 124.109375, "20.875": 1.0, "5.5625": 621.59375, "20.6875": 1.0, "14.75": 1.3125, "16.25": 1.3125, "4.0": 3125.03125, "17.4375": 1.0, "17.0625": 1.171875, "1.8125": 0.03125, "14.25": 1.5, "0.9375": 0.03125, "4.25": 3125.03125, "17.375": 1.0, "26.1875": 1.0, "5.25": 1062.078125, "29.9375": 1.0, "21.1875": 1.0, "9.8125": 7.359375, "9.625": 2.25, "12.625": 3.3125, "17.125": 1.0, "21.75": 1.0, "18.625": 1.0, "10.3125": 3.328125, "7.5625": 9.34375, "16.625": 1.1875, "3.25": 0.03125, "20.8125": 1.0, "29.25": 1.0, "10.25": 10.34375, "30.3125": 1.0, "5.5": 3125.03125, "28.6875": 1.0, "9.6875": 2.984375, "7.4375": 17.734375, "22.6875": 1.0, "17.0": 1.0, "21.0625": 1.0, "25.375": 1.0, "12.125": 1.390625, "23.6875": 1.0, "14.125": 1.453125, "10.125": 3.125, "24.25": 1.0, "19.5": 1.0, "31.0": 1.0, "20.4375": 1.078125, "8.4375": 11.515625, "11.8125": 2.234375, "23.3125": 1.0, "30.75": 1.0, "2.375": 0.03125, "25.3125": 1.0, "28.9375": 1.0, "18.8125": 1.0, "19.625": 1.0, "26.75": 1.0, "20.1875": 1.0, "25.625": 1.0, "4.75": 3125.03125, "24.1875": 1.0, "18.5625": 1.15625, "30.6875": 1.0, "11.3125": 1.578125, "8.9375": 4.359375, "18.125": 1.0, "1.5625": 0.03125, "21.8125": 1.0, "30.25": 1.0, "11.0": 2.078125, "24.3125": 1.0, "20.3125": 1.0, "15.125": 1.15625, "15.375": 1.078125, "20.5": 1.0, "12.9375": 1.3125, "20.25": 1.15625, "22.0625": 1.0, "22.625": 1.0, "11.0625": 1.9375, "16.9375": 1.15625, "26.5625": 1.0, "28.875": 1.0, "23.625": 1.0, "20.75": 1.0, "13.25": 1.0, "27.875": 1.0, "24.75": 1.0, "10.6875": 3.09375, "25.6875": 1.0, "6.0625": 985.234375, "3.5625": 0.03125, "17.5625": 1.0, "26.8125": 1.0, "11.6875": 2.125, "28.25": 1.0, "26.3125": 1.0, "11.25": 2.875, "6.8125": 43.640625, "2.0625": 0.03125, "18.9375": 1.078125, "4.3125": 3125.03125, "15.875": 1.5, "22.8125": 1.0, "13.6875": 1.15625, "5.4375": 2696.234375, "30.125": 1.0, "24.4375": 1.0, "10.8125": 2.328125, "9.3125": 1.90625, "26.125": 1.0, "26.375": 1.0, "5.9375": 2103.484375, "13.5": 1.390625, "0.75": 0.03125, "24.125": 1.0, "15.9375": 1.0, "19.4375": 1.15625, "4.125": 3125.03125, "1.0": 0.03125, "22.3125": 1.0, "26.0": 1.0, "26.0625": 1.0, "3.875": 3125.03125, "12.75": 1.3125, "15.6875": 1.203125, "27.9375": 1.0, "15.3125": 1.1875, "16.375": 1.0, "5.375": 3125.03125, "1.5": 0.03125, "6.125": 3125.03125, "24.5625": 1.0, "23.25": 1.0, "10.375": 1.546875, "12.375": 1.390625, "0.25": 0.03125, "26.5": 1.0, "9.1875": 4.953125, "30.1875": 1.0, "4.0625": 1563.015625, "15.0": 1.078125, "13.9375": 1.53125, "29.75": 1.0, "6.1875": 447.765625, "12.1875": 1.234375, "25.0625": 1.0, "27.25": 1.0, "29.4375": 1.0, "2.6875": 0.03125, "4.875": 1607.359375, "8.5625": 16.25, "25.75": 1.0, "23.5625": 1.0, "8.875": 9.734375, "9.875": 5.375, "12.3125": 1.734375, "18.0": 1.0, "27.3125": 1.0, "0.375": 0.03125, "21.9375": 1.0, "19.375": 1.0, "4.8125": 3125.03125, "11.4375": 1.546875, "29.0625": 1.0, "1.3125": 0.03125, "7.0": 424.25, "24.625": 1.0, "16.8125": 1.078125, "5.0": 3125.03125, "13.3125": 1.3125, "6.625": 1683.453125, "12.25": 2.46875, "11.75": 2.21875, "30.0625": 1.0, "25.125": 1.0, "2.8125": 0.03125, "17.625": 1.078125, "15.5625": 1.078125, "24.6875": 1.0, "14.375": 1.171875, "23.1875": 1.0, "1.75": 0.03125, "24.9375": 1.0, "2.125": 0.03125, "22.375": 1.0, "19.875": 1.15625, "28.4375": 1.0, "2.75": 0.03125, "14.625": 1.453125, "8.375": 8.4375, "0.0625": 0.03125, "20.375": 1.0, "11.5625": 1.65625, "16.75": 1.1875, "15.5": 1.34375, "3.5": 1562.53125, "2.875": 0.03125, "2.1875": 0.03125, "14.3125": 1.171875, "2.0": 0.03125, "25.25": 1.0, "8.6875": 9.296875, "1.125": 0.03125, "26.4375": 1.0, "3.9375": 3125.03125, "21.4375": 1.0, "11.875": 3.0, "22.875": 1.0, "10.625": 1.953125, "28.8125": 1.0, "0.8125": 0.03125, "28.5": 1.0, "22.5625": 1.0, "19.5625": 1.0, "3.0625": 0.03125, "5.1875": 3125.03125, "11.9375": 2.5625, "19.3125": 1.078125, "29.1875": 1.0, "7.3125": 6.375, "23.0": 1.0, "26.6875": 1.0, "23.5": 1.0, "18.375": 1.171875, "27.0625": 1.0, "14.5625": 1.203125, "15.0625": 1.171875, "10.0": 4.625, "16.125": 1.171875, "18.4375": 1.0, "7.6875": 6.671875, "22.25": 1.0, "25.875": 1.0, "11.125": 1.828125, "14.1875": 1.5, "6.25": 254.28125, "13.875": 1.5, "13.375": 2.109375, "22.125": 1.0, "29.625": 1.0, "25.5625": 1.0, "9.5625": 9.203125, "20.9375": 1.078125, "15.1875": 1.3125, "8.0": 23.828125, "18.0625": 1.078125, "1.9375": 0.03125, "16.875": 1.15625, "21.6875": 1.0, "16.1875": 1.21875, "21.0": 1.0, "25.0": 1.0, "12.5": 1.1875, "7.0625": 23.484375, "23.9375": 1.0, "3.625": 0.03125, "11.625": 1.625, "21.25": 1.0, "8.125": 10.484375, "12.4375": 1.40625, "14.5": 1.15625, "19.75": 1.0, "18.5": 1.0, "28.1875": 1.0, "6.875": 29.5625, "22.4375": 1.0, "19.125": 1.15625, "16.5": 1.15625, "2.3125": 0.03125, "28.0625": 1.0, "22.9375": 1.0, "15.8125": 1.515625, "16.3125": 1.171875, "17.6875": 1.078125, "19.1875": 1.15625, "12.0625": 1.15625, "3.3125": 0.03125, "5.3125": 3125.03125, "25.4375": 1.0, "1.375": 0.03125, "15.25": 1.15625, "27.6875": 1.0, "3.0": 0.03125, "28.375": 1.0, "4.625": 3125.03125, "17.8125": 1.0, "3.8125": 3125.03125, "6.5": 125.359375, "7.25": 14.734375, "17.875": 1.078125, "9.4375": 2.0, "24.8125": 1.0, "19.9375": 1.078125, "6.3125": 103.375, "1.0625": 0.03125, "3.125": 0.03125, "0.125": 0.03125, "26.625": 1.0, "12.8125": 1.53125, "4.5": 3125.03125, "22.5": 1.0, "8.0625": 9.75, "23.75": 1.0, "5.125": 3125.03125, "11.1875": 2.03125, "29.3125": 1.0, "12.0": 1.84375, "23.8125": 1.0, "29.6875": 1.0, "29.375": 1.0, "9.75": 2.65625, "30.9375": 1.0, "30.625": 1.0, "16.4375": 1.203125, "0.625": 0.03125, "20.0": 1.078125, "22.75": 1.0, "13.0625": 1.546875, "27.375": 1.0, "30.0": 1.0, "14.8125": 1.203125, "2.5": 0.03125, "8.8125": 3.71875, "18.3125": 1.171875, "4.1875": 3125.03125, "4.4375": 3125.03125, "26.25": 1.0, "10.4375": 5.0, "21.875": 1.0, "1.1875": 0.03125, "30.5625": 1.0, "20.625": 1.0, "27.125": 1.0, "6.6875": 17.34375, "9.25": 9.4375, "2.4375": 0.03125, "23.375": 1.0, "10.5": 2.015625, "27.5": 1.0, "23.125": 1.0, "16.6875": 1.375, "21.125": 1.0, "3.6875": 1562.53125, "5.625": 309.734375, "0.1875": 0.03125, "2.25": 0.03125, "4.375": 3125.03125, "14.9375": 1.234375, "1.4375": 0.03125, "21.5": 1.0, "27.1875": 1.0, "25.9375": 1.0, "21.625": 1.0, "27.8125": 1.0, "6.75": 21.578125, "24.875": 1.0, "4.5625": 3125.03125, "14.4375": 1.34375, "9.125": 4.421875, "28.75": 1.0, "24.0": 1.0, "23.0625": 1.0, "8.75": 3.71875, "17.3125": 1.1875, "1.625": 0.03125, "0.6875": 0.03125, "22.1875": 1.0, "8.3125": 5.640625, "27.625": 1.0, "9.5": 2.265625, "27.75": 1.0, "16.5625": 1.1875, "30.8125": 1.0, "17.25": 1.0, "14.875": 1.46875, "15.625": 1.46875, "18.6875": 1.15625, "27.4375": 1.0, "0.875": 0.03125, "21.375": 1.0, "28.0": 1.0, "6.9375": 110.421875, "14.0": 1.453125, "2.5625": 0.03125, "10.5625": 1.453125, "4.9375": 3125.03125, "20.0625": 1.0, "1.25": 0.03125,